species,q_loss_W,core_temp_C,T_max_C,T_min_C,alive,solve_s,u_k_blub,u_BCI,u_h,u_omega_core,u_cche,u_ava,u_Ttn,u_fmr,phys_k_blub_scale,phys_BCI,phys_h_scale,phys_omega_core,phys_rete_eff,phys_ava,phys_Ttn,phys_fmr_watts,design,design_idx,morris_traj,morris_step
humpback,28447.787981715726,35.652532107009506,36.88891620812393,-1.4674461994715102,1,109.3,0.4,0.8,0.0,0.4,0.6,1.0,0.4,0.6,0.98,0.94,0.75,0.7,0.901,0.8,24.0,4095.84,morris,0,0,0
humpback,29738.613810345458,35.614487996582,36.571529121687036,-1.4258835138259087,1,119.9,1.0,0.8,0.0,0.4,0.6,1.0,0.4,0.6,1.25,0.94,0.75,0.7,0.901,0.8,24.0,4095.84,morris,1,0,1
humpback,30059.511797389263,35.56361619365509,36.54896417198722,-0.9952454071790271,1,119.7,1.0,0.8,0.0,0.4,0.0,1.0,0.4,0.6,1.25,0.94,0.75,0.7,0.595,0.8,24.0,4095.84,morris,2,0,2
humpback,31799.096085611658,35.630864440175515,36.60909555573113,-1.1075933276402452,1,77.8,1.0,0.8,0.0,1.0,0.0,1.0,0.4,0.6,1.25,0.94,0.75,1.0,0.595,0.8,24.0,4095.84,morris,3,0,3
humpback,31763.800754393895,35.60612211770814,36.53776757365773,-1.1142286003363324,1,119.8,1.0,0.8,0.0,1.0,0.0,1.0,0.4,0.0,1.25,0.94,0.75,1.0,0.595,0.8,24.0,2704.7999999999997,morris,4,0,4
humpback,35170.110064844164,35.57309852617368,36.670486467705416,-1.8271035028675442,1,116.2,1.0,0.8,0.6,1.0,0.0,1.0,0.4,0.0,1.25,0.94,1.2,1.0,0.595,0.8,24.0,2704.7999999999997,morris,5,0,5
humpback,35168.68233529655,35.57306055715446,36.67039617503781,-1.8272731987484576,1,116.7,1.0,0.8,0.6,1.0,0.0,1.0,1.0,0.0,1.25,0.94,1.2,1.0,0.595,0.8,30.0,2704.7999999999997,morris,6,0,6
humpback,36758.64922136621,35.537979362331896,36.38466428422532,-1.8176846707034429,1,118.0,1.0,0.2,0.6,1.0,0.0,1.0,1.0,0.0,1.25,0.76,1.2,1.0,0.595,0.8,30.0,2704.7999999999997,morris,7,0,7
humpback,31670.65232382361,35.49663824000913,36.38466428422373,-2.2507776523539746,1,118.2,1.0,0.2,0.6,1.0,0.0,0.4,1.0,0.0,1.25,0.76,1.2,1.0,0.595,0.5,30.0,2704.7999999999997,morris,8,0,8
humpback,24114.035820488556,35.57884891482939,36.84876566530244,-1.8185708838651635,1,114.2,0.0,1.0,0.2,0.0,0.2,0.6,0.6,1.0,0.8,1.0,0.9,0.5,0.697,0.6,26.0,5023.2,morris,9,1,0
humpback,25576.109241697774,35.55222110050005,36.95237037401745,-2.2237696984319655,1,105.9,0.0,1.0,0.8,0.0,0.2,0.6,0.6,1.0,0.8,1.0,1.35,0.5,0.697,0.6,26.0,5023.2,morris,10,1,1
humpback,27004.264666989522,35.49830827929128,36.832623142106684,-2.0216290490376423,1,112.2,0.6,1.0,0.8,0.0,0.2,0.6,0.6,1.0,1.07,1.0,1.35,0.5,0.697,0.6,26.0,5023.2,morris,11,1,2
humpback,28106.21482051934,35.45464294140044,36.82164919675506,-2.014274114579507,1,115.6,0.6,0.4,0.8,0.0,0.2,0.6,0.6,1.0,1.07,0.82,1.35,0.5,0.697,0.6,26.0,5023.2,morris,12,1,3
humpback,27772.09830793725,35.52412960192805,37.425306869990266,-2.236713715105907,1,115.0,0.6,0.4,0.8,0.0,0.8,0.6,0.6,1.0,1.07,0.82,1.35,0.5,0.98,0.6,26.0,5023.2,morris,13,1,4
humpback,27724.06807755567,35.47624630726091,36.99762891242568,-2.2350038686416838,1,115.4,0.6,0.4,0.8,0.0,0.8,0.6,0.6,0.4,1.07,0.82,1.35,0.5,0.98,0.6,26.0,3632.16,morris,14,1,5
humpback,27729.78395675758,35.476412513327034,36.99698321190101,-2.234725801926629,1,115.5,0.6,0.4,0.8,0.0,0.8,0.6,0.0,0.4,1.07,0.82,1.35,0.5,0.98,0.6,20.0,3632.16,morris,15,1,6
humpback,21806.07949396177,35.405519535063206,36.967742153127006,-2.6285416991934767,1,115.9,0.6,0.4,0.8,0.0,0.8,0.0,0.0,0.4,1.07,0.82,1.35,0.5,0.98,0.3,20.0,3632.16,morris,16,1,7
humpback,24626.008911744662,35.52579135142025,36.64384284786075,-2.82529578104203,1,115.0,0.6,0.4,0.8,0.6,0.8,0.0,0.0,0.4,1.07,0.82,1.35,0.8,0.98,0.3,20.0,3632.16,morris,17,1,8
humpback,23022.64067159082,35.388678559711366,36.494210912858364,-2.3153122420711725,1,115.7,0.0,0.0,0.6,0.0,0.4,0.2,0.0,0.0,0.8,0.7,1.2,0.5,0.7989999999999999,0.4,20.0,2704.7999999999997,morris,18,2,0
humpback,23072.557846909418,35.436655444788755,36.70739542093878,-2.3154227040715796,1,115.0,0.0,0.0,0.6,0.0,0.4,0.2,0.0,0.6,0.8,0.7,1.2,0.5,0.7989999999999999,0.4,20.0,4095.84,morris,19,2,1
humpback,25642.341144615122,35.547661257106654,36.47777641000778,-2.526567658632871,1,115.5,0.0,0.0,0.6,0.6,0.4,0.2,0.0,0.6,0.8,0.7,1.2,0.8,0.7989999999999999,0.4,20.0,4095.84,morris,20,2,2
humpback,25637.880946346282,35.54749313898975,36.47777641000863,-2.526709658888933,1,115.3,0.0,0.0,0.6,0.6,0.4,0.2,0.6,0.6,0.8,0.7,1.2,0.8,0.7989999999999999,0.4,26.0,4095.84,morris,21,2,3
humpback,23709.242725206655,35.575596026679534,36.469212540849185,-2.27817070633364,1,119.0,0.0,0.0,0.0,0.6,0.4,0.2,0.6,0.6,0.8,0.7,0.75,0.8,0.7989999999999999,0.4,26.0,4095.84,morris,22,2,4
humpback,22544.607360726906,35.608165029095574,36.50044998392116,-2.3069327652347056,1,118.0,0.0,0.6,0.0,0.6,0.4,0.2,0.6,0.6,0.8,0.88,0.75,0.8,0.7989999999999999,0.4,26.0,4095.84,morris,23,2,5
humpback,24047.57638407004,35.56587422413435,36.46431908391776,-2.2662354813886623,1,59.4,0.6,0.6,0.0,0.6,0.4,0.2,0.6,0.6,1.07,0.88,0.75,0.8,0.7989999999999999,0.4,26.0,4095.84,morris,24,2,6
humpback,28604.047578537393,35.61826389503631,36.48696679335484,-1.5785467890823952,1,64.2,0.6,0.6,0.0,0.6,0.4,0.8,0.6,0.6,1.07,0.88,0.75,0.8,0.7989999999999999,0.7,26.0,4095.84,morris,25,2,7
humpback,28384.658811620866,35.65150492762177,36.7670690036087,-2.0283492005394237,1,80.0,0.6,0.6,0.0,0.6,1.0,0.8,0.6,0.6,1.07,0.88,0.75,0.8,0.98,0.7,26.0,4095.84,morris,26,2,8
humpback,27118.012810788627,35.55924464051259,37.29192356478126,-1.827015494651505,1,103.7,0.8,0.4,0.0,0.0,0.8,0.8,0.8,0.8,1.1600000000000001,0.82,0.75,0.5,0.98,0.7,28.0,4559.52,morris,27,3,0
humpback,25815.0450181938,35.61202148308735,37.309480113452594,-1.8242695530145738,1,106.3,0.2,0.4,0.0,0.0,0.8,0.8,0.8,0.8,0.89,0.82,0.75,0.5,0.98,0.7,28.0,4559.52,morris,28,3,1
humpback,28068.40902803955,35.57501820515728,37.30408002921541,-2.0813748219634363,1,102.7,0.2,0.4,0.6,0.0,0.8,0.8,0.8,0.8,0.89,0.82,1.2,0.5,0.98,0.7,28.0,4559.52,morris,29,3,2
humpback,30445.723119544535,35.64840223982719,36.873425538478216,-2.268981147647821,1,102.3,0.2,0.4,0.6,0.6,0.8,0.8,0.8,0.8,0.89,0.82,1.2,0.8,0.98,0.7,28.0,4559.52,morris,30,3,3
humpback,30448.542858656027,35.64846541586593,36.87308871346795,-2.2687231325110133,1,102.8,0.2,0.4,0.6,0.6,0.8,0.8,0.2,0.8,0.89,0.82,1.2,0.8,0.98,0.7,22.0,4559.52,morris,31,3,4
humpback,25105.019433724403,35.60207331641976,36.85576578080645,-2.696628857826738,1,103.6,0.2,0.4,0.6,0.6,0.8,0.2,0.2,0.8,0.89,0.82,1.2,0.8,0.98,0.4,22.0,4559.52,morris,32,3,5
humpback,25466.97952099435,35.549452733702594,36.49399734064974,-2.425225856295242,1,104.3,0.2,0.4,0.6,0.6,0.2,0.2,0.2,0.8,0.89,0.82,1.2,0.8,0.697,0.4,22.0,4559.52,morris,33,3,6
humpback,25424.536217568955,35.51846481640655,36.45800265661319,-2.4271199192420454,1,104.1,0.2,0.4,0.6,0.6,0.2,0.2,0.2,0.2,0.89,0.82,1.2,0.8,0.697,0.4,22.0,3168.48,morris,34,3,7
humpback,24320.015511086953,35.54810981741548,36.462258721839135,-2.42025253557091,1,101.4,0.2,1.0,0.6,0.6,0.2,0.2,0.2,0.2,0.89,1.0,1.2,0.8,0.697,0.4,22.0,3168.48,morris,35,3,8
humpback,26638.796027941484,35.56900899457008,36.9845946281539,-2.199319617159233,1,107.3,0.8,0.8,0.2,0.2,1.0,0.6,0.0,0.6,1.1600000000000001,0.94,0.9,0.6,0.98,0.6,20.0,4095.84,morris,36,4,0
humpback,28381.1814289619,35.54177605180479,36.98113109267865,-2.312637049965474,1,103.6,0.8,0.8,0.8,0.2,1.0,0.6,0.0,0.6,1.1600000000000001,0.94,1.35,0.6,0.98,0.6,20.0,4095.84,morris,37,4,1
humpback,29715.255054729612,35.495900996477985,36.967374420022736,-2.319589235333069,1,105.6,0.8,0.2,0.8,0.2,1.0,0.6,0.0,0.6,1.1600000000000001,0.76,1.35,0.6,0.98,0.6,20.0,4095.84,morris,38,4,2
humpback,29709.4146291846,35.4957348498516,36.96820390527279,-2.319843384046351,1,105.6,0.8,0.2,0.8,0.2,1.0,0.6,0.6,0.6,1.1600000000000001,0.76,1.35,0.6,0.98,0.6,26.0,4095.84,morris,39,4,3
humpback,29662.500367895278,35.45541521803034,36.60250086721243,-2.3185504199357183,1,105.1,0.8,0.2,0.8,0.2,1.0,0.6,0.6,0.0,1.1600000000000001,0.76,1.35,0.6,0.98,0.6,26.0,2704.7999999999997,morris,40,4,4
humpback,32249.521938225393,35.554084602563194,36.420996412063346,-2.5092208638870943,1,104.3,0.8,0.2,0.8,0.8,1.0,0.6,0.6,0.0,1.1600000000000001,0.76,1.35,0.9,0.98,0.6,26.0,2704.7999999999997,morris,41,4,5
humpback,26492.78126290476,35.505825908473184,36.4209964120617,-2.887122911995675,1,104.7,0.8,0.2,0.8,0.8,1.0,0.0,0.6,0.0,1.1600000000000001,0.76,1.35,0.9,0.98,0.3,26.0,2704.7999999999997,morris,42,4,6
humpback,26753.177897134265,35.47186023057509,36.420996412062664,-2.726314264196162,1,104.9,0.8,0.2,0.8,0.8,0.4,0.0,0.6,0.0,1.1600000000000001,0.76,1.35,0.9,0.7989999999999999,0.3,26.0,2704.7999999999997,morris,43,4,7
humpback,24931.11973466902,35.51887000224605,36.432465196769044,-2.7259150280253834,1,102.1,0.2,0.2,0.8,0.8,0.4,0.0,0.6,0.0,0.89,0.76,1.35,0.9,0.7989999999999999,0.3,26.0,2704.7999999999997,morris,44,4,8
humpback,29866.769700550285,35.590626288107444,36.61376871905668,-2.231551814762497,1,100.0,0.2,0.6,0.8,0.8,0.2,0.6,0.4,0.4,0.89,0.88,1.35,0.9,0.697,0.6,24.0,3632.16,morris,45,5,0
humpback,29865.577192857105,35.590592191094345,36.61366357474827,-2.2316426163374103,1,100.4,0.2,0.6,0.8,0.8,0.2,0.6,1.0,0.4,0.89,0.88,1.35,0.9,0.697,0.6,30.0,3632.16,morris,46,5,1
humpback,31591.720810643787,35.54959048308717,36.448641560968554,-2.2461009698997714,1,102.5,0.8,0.6,0.8,0.8,0.2,0.6,1.0,0.4,1.1600000000000001,0.88,1.35,0.9,0.697,0.6,30.0,3632.16,morris,47,5,2
humpback,29103.767254775557,35.45275021376369,36.50579092740276,-2.0850486142161913,1,89.1,0.8,0.6,0.8,0.2,0.2,0.6,1.0,0.4,1.1600000000000001,0.88,1.35,0.6,0.697,0.6,30.0,3632.16,morris,48,5,3
humpback,30597.384910822635,35.40020243045467,36.478303318394524,-2.0656080138842867,1,64.9,0.8,0.0,0.8,0.2,0.2,0.6,1.0,0.4,1.1600000000000001,0.7,1.35,0.6,0.697,0.6,30.0,3632.16,morris,49,5,4
humpback,28661.911618464903,35.4335708649333,36.48166396935807,-1.7108852570964928,1,57.8,0.8,0.0,0.2,0.2,0.2,0.6,1.0,0.4,1.1600000000000001,0.7,0.9,0.6,0.697,0.6,30.0,3632.16,morris,50,5,5
humpback,28326.12099338267,35.49418702130191,36.84491054444425,-2.2130507712996064,1,99.8,0.8,0.0,0.2,0.2,0.8,0.6,1.0,0.4,1.1600000000000001,0.7,0.9,0.6,0.98,0.6,30.0,3632.16,morris,51,5,6
humpback,28371.643366910946,35.53448448697276,37.21063282258763,-2.213501952082936,1,109.4,0.8,0.0,0.2,0.2,0.8,0.6,1.0,1.0,1.1600000000000001,0.7,0.9,0.6,0.98,0.6,30.0,5023.2,morris,52,5,7
humpback,23085.23097256577,35.4652572477533,37.184743579629185,-2.6945114664703738,1,110.9,0.8,0.0,0.2,0.2,0.8,0.0,1.0,1.0,1.1600000000000001,0.7,0.9,0.6,0.98,0.3,30.0,5023.2,morris,53,5,8
humpback,21870.005144847404,35.524780010591485,37.27921750543294,-2.4342142704637695,1,106.3,0.4,0.6,0.2,0.0,0.8,0.2,0.0,0.8,0.98,0.88,0.9,0.5,0.98,0.4,20.0,4559.52,morris,54,6,0
humpback,21865.993701124768,35.5246264824155,37.280247947161,-2.4344235912595877,1,106.4,0.4,0.6,0.2,0.0,0.8,0.2,0.6,0.8,0.98,0.88,0.9,0.5,0.98,0.4,26.0,4559.52,morris,55,6,1
humpback,21819.401986397286,35.4760810149981,36.85242007539597,-2.433198508378325,1,108.2,0.4,0.6,0.2,0.0,0.8,0.2,0.6,0.2,0.98,0.88,0.9,0.5,0.98,0.4,26.0,3168.48,morris,56,6,2
humpback,22983.226368638432,35.42632285008153,36.83550081457685,-2.4425417674099776,1,111.4,0.4,0.0,0.2,0.0,0.8,0.2,0.6,0.2,0.98,0.7,0.9,0.5,0.98,0.4,26.0,3168.48,morris,57,6,3
humpback,28031.64511620166,35.49627686608113,36.86236216874812,-1.9710670515030415,1,110.6,0.4,0.0,0.2,0.0,0.8,0.8,0.6,0.2,0.98,0.7,0.9,0.5,0.98,0.7,26.0,3168.48,morris,58,6,4
humpback,28345.51002348173,35.43024072521217,36.4841927045332,-1.4969960039013586,1,111.2,0.4,0.0,0.2,0.0,0.2,0.8,0.6,0.2,0.98,0.7,0.9,0.5,0.697,0.7,26.0,3168.48,morris,59,6,5
humpback,29742.92043912178,35.37086007142085,36.46879419659166,-1.4270523716581351,1,113.4,1.0,0.0,0.2,0.0,0.2,0.8,0.6,0.2,1.25,0.7,0.9,0.5,0.697,0.7,26.0,3168.48,morris,60,6,6
humpback,31819.16069170885,35.33198241756429,36.46368280075694,-1.8597068977583717,1,109.0,1.0,0.0,0.8,0.0,0.2,0.8,0.6,0.2,1.25,0.7,1.35,0.5,0.697,0.7,26.0,3168.48,morris,61,6,7
humpback,34805.82124395401,35.4676106574741,36.42359747507908,-2.0580740132730284,1,108.5,1.0,0.0,0.8,0.6,0.2,0.8,0.6,0.2,1.25,0.7,1.35,0.8,0.697,0.7,26.0,3168.48,morris,62,6,8
humpback,21257.103692101216,35.51919994728462,36.5260754355682,-2.414522409178744,1,98.4,0.0,1.0,0.6,0.4,0.0,0.0,0.0,0.6,0.8,1.0,1.2,0.7,0.595,0.3,20.0,4095.84,morris,63,7,0
humpback,20907.93994586862,35.574525819061364,36.56813857197375,-2.695472172925804,1,98.3,0.0,1.0,0.6,0.4,0.6,0.0,0.0,0.6,0.8,1.0,1.2,0.7,0.901,0.3,20.0,4095.84,morris,64,7,1
humpback,22938.87764433073,35.64275923931234,36.516968089540114,-2.844558789810037,1,97.8,0.0,1.0,0.6,1.0,0.6,0.0,0.0,0.6,0.8,1.0,1.2,1.0,0.901,0.3,20.0,4095.84,morris,65,7,2
humpback,22935.11310522537,35.64262417854195,36.516968089540796,-2.844632195673171,1,98.3,0.0,1.0,0.6,1.0,0.6,0.0,0.6,0.6,0.8,1.0,1.2,1.0,0.901,0.3,26.0,4095.84,morris,66,7,3
humpback,24574.147769193827,35.60537901330554,36.444401489234394,-2.872307845129626,1,103.7,0.6,1.0,0.6,1.0,0.6,0.0,0.6,0.6,1.07,1.0,1.2,1.0,0.901,0.3,26.0,4095.84,morris,67,7,4
humpback,22679.67581183837,35.627834011128755,36.433200738903054,-2.773463047960263,1,109.2,0.6,1.0,0.0,1.0,0.6,0.0,0.6,0.6,1.07,1.0,0.75,1.0,0.901,0.3,26.0,4095.84,morris,68,7,5
humpback,27429.362104029333,35.674958339181444,36.46616721941706,-2.0611539877638734,1,109.0,0.6,1.0,0.0,1.0,0.6,0.6,0.6,0.6,1.07,1.0,0.75,1.0,0.901,0.6,26.0,4095.84,morris,69,7,6
humpback,27395.29298386872,35.649697945804974,36.388965780571766,-2.0660767693779576,1,109.0,0.6,1.0,0.0,1.0,0.6,0.6,0.6,0.0,1.07,1.0,0.75,1.0,0.901,0.6,26.0,2704.7999999999997,morris,70,7,7
humpback,28544.122224056533,35.6234752840158,36.3338371928927,-2.0399272746441284,1,110.6,0.6,0.4,0.0,1.0,0.6,0.6,0.6,0.0,1.07,0.82,0.75,1.0,0.901,0.6,26.0,2704.7999999999997,morris,71,7,8
humpback,32082.1502303229,35.58279997994515,36.47787471102805,-1.8010677521143634,1,105.2,0.8,0.6,0.4,0.8,0.0,0.8,0.6,0.8,1.1600000000000001,0.88,1.05,0.9,0.595,0.7,26.0,4559.52,morris,72,8,0
humpback,31718.990021382237,35.62926546507674,36.520979915917906,-2.1544495198075992,1,98.9,0.8,0.6,0.4,0.8,0.6,0.8,0.6,0.8,1.1600000000000001,0.88,1.05,0.9,0.901,0.7,26.0,4559.52,morris,73,8,1
humpback,31725.181344817225,35.629420026436094,36.52064767096738,-2.153720378522962,1,89.9,0.8,0.6,0.4,0.8,0.6,0.8,0.0,0.8,1.1600000000000001,0.88,1.05,0.9,0.901,0.7,20.0,4559.52,morris,74,8,2
humpback,31687.251231538794,35.60181873699821,36.407467028985934,-2.155820664992575,1,62.0,0.8,0.6,0.4,0.8,0.6,0.8,0.0,0.2,1.1600000000000001,0.88,1.05,0.9,0.901,0.7,20.0,3168.48,morris,75,8,3
humpback,33619.29106582078,35.58193681977457,36.47227704423045,-2.3467830989172285,1,73.8,0.8,0.6,1.0,0.8,0.6,0.8,0.0,0.2,1.1600000000000001,0.88,1.5,0.9,0.901,0.7,20.0,3168.48,morris,76,8,4
humpback,31101.375613235257,35.49278422515806,36.502935224195085,-2.1751778473931154,1,79.7,0.8,0.6,1.0,0.2,0.6,0.8,0.0,0.2,1.1600000000000001,0.88,1.5,0.6,0.901,0.7,20.0,3168.48,morris,77,8,5
humpback,32632.631712953902,35.44069336665103,36.48667528364592,-2.1656056984009524,1,84.1,0.8,0.0,1.0,0.2,0.6,0.8,0.0,0.2,1.1600000000000001,0.7,1.5,0.6,0.901,0.7,20.0,3168.48,morris,78,8,6
humpback,30874.406922217004,35.500301861880246,36.510359521450596,-2.175256778846972,1,80.5,0.2,0.0,1.0,0.2,0.6,0.8,0.0,0.2,0.89,0.7,1.5,0.6,0.901,0.7,20.0,3168.48,morris,79,8,7
humpback,25110.240700915674,35.443087859683146,36.51035952096743,-2.4986937203206026,1,94.3,0.2,0.0,1.0,0.2,0.6,0.2,0.0,0.2,0.89,0.7,1.5,0.6,0.901,0.4,20.0,3168.48,morris,80,8,8
humpback,24375.97623028967,35.547696619537135,36.7416018635206,-2.803058326855819,1,93.3,0.4,0.4,1.0,0.6,1.0,0.0,0.4,0.6,0.98,0.82,1.5,0.8,0.98,0.3,24.0,4095.84,morris,81,9,0
humpback,21559.64461051786,35.43691516528946,37.116984259856,-2.610954052276668,1,96.0,0.4,0.4,1.0,0.0,1.0,0.0,0.4,0.6,0.98,0.82,1.5,0.5,0.98,0.3,24.0,4095.84,morris,82,9,1
humpback,27595.524769110903,35.50564957668735,37.14560976990538,-2.2554377875302976,1,96.1,0.4,0.4,1.0,0.0,1.0,0.6,0.4,0.6,0.98,0.82,1.5,0.5,0.98,0.6,24.0,4095.84,morris,83,9,2
humpback,27594.35931697891,35.50561861077563,37.145708387206184,-2.2554754767477334,1,96.9,0.4,0.4,1.0,0.0,1.0,0.6,1.0,0.6,0.98,0.82,1.5,0.5,0.98,0.6,30.0,4095.84,morris,84,9,3
humpback,27817.28113613357,35.45831056650769,36.71182362597142,-2.1382783645246946,1,97.2,0.4,0.4,1.0,0.0,0.4,0.6,1.0,0.6,0.98,0.82,1.5,0.5,0.7989999999999999,0.6,30.0,4095.84,morris,85,9,4
humpback,29278.783246328563,35.39934254277563,36.70313556981864,-2.126570939604221,1,100.5,1.0,0.4,1.0,0.0,0.4,0.6,1.0,0.6,1.25,0.82,1.5,0.5,0.7989999999999999,0.6,30.0,4095.84,morris,86,9,5
humpback,29226.612534003027,35.35211715476345,36.44520378097991,-2.1260534423336708,1,100.3,1.0,0.4,1.0,0.0,0.4,0.6,1.0,0.0,1.25,0.82,1.5,0.5,0.7989999999999999,0.6,30.0,2704.7999999999997,morris,87,9,6
humpback,28025.013976505918,35.40067308021003,36.4928009963009,-2.136848563846229,1,97.5,1.0,1.0,1.0,0.0,0.4,0.6,1.0,0.0,1.25,1.0,1.5,0.5,0.7989999999999999,0.6,30.0,2704.7999999999997,morris,88,9,7
humpback,26702.321532972914,35.42549109180811,36.45389975956215,-1.9502663084188612,1,101.1,1.0,1.0,0.4,0.0,0.4,0.6,1.0,0.0,1.25,1.0,1.05,0.5,0.7989999999999999,0.6,30.0,2704.7999999999997,morris,89,9,8
humpback,25450.11845743579,35.485570922766556,36.48025956513999,-2.1044529764146773,1,100.4,0.5617738380288388,0.868366811410882,0.39557925670169014,0.3314361986175024,0.07148854144477905,0.3551109740674278,0.8274467780891144,0.24027394551861636,1.0527982271129774,0.9605100434232645,1.0466844425262676,0.6657180993087513,0.6314591561368373,0.47755548703371387,28.274467780891143,3261.85111529036,lhs,0,-1,-1
humpback,29586.642930023147,35.6234135212855,37.017551552197006,-2.0337120551401995,1,98.1,0.1805764729758664,0.7832911535756136,0.4630177240637181,0.4483313212310889,0.6413516331464518,0.9062038421282025,0.3856481479524516,0.25049829715130256,0.8812594128391399,0.9349873460726841,1.0972632930477886,0.7241656606155444,0.9220893329046904,0.7531019210641012,23.856481479524515,3285.5552521155796,lhs,1,-1,-1
humpback,22033.549666234776,35.60718617011827,36.8215738806482,-2.63421291785653,1,100.3,0.20034825431959233,0.73143673659355,0.09147396618994115,0.46678071921310393,0.9827665155516353,0.13653249189867378,0.12459940857511406,0.6017863165696254,0.8901567144438166,0.919431020978065,0.8186054746424558,0.733390359606552,0.98,0.3682662459493369,21.245994085751143,4099.98139633502,lhs,2,-1,-1
humpback,26907.63890700079,35.54432810089645,37.19145304357812,-2.3820344868939287,1,99.9,0.7112406093466576,0.5246536427963532,0.6313259716218877,0.1961662096289289,0.8533133875776053,0.4418445459395692,0.03618273123106656,0.9533684937151362,1.120058274205996,0.8573960928389059,1.223494478716416,0.5980831048144645,0.98,0.5209222729697845,20.361827312310666,4915.089515829171,lhs,3,-1,-1
humpback,29121.353126999762,35.56534591974082,36.565069129584515,-1.979210479123367,1,100.4,0.958729399456693,0.8530525955351056,0.33180332954716374,0.47875364484211025,0.2933140136152199,0.6433581398817074,0.07288246665269223,0.8702995097557492,1.231428229755512,0.9559157786605317,0.9988524971603728,0.7393768224210551,0.7445901469437621,0.6216790699408536,20.728824666526922,4722.502383417729,lhs,4,-1,-1
humpback,26185.50311951114,35.56194025078486,36.959071891524445,-2.013792397111615,1,99.9,0.1536399389905962,0.19736018459033386,0.2870646442279866,0.049230970825426074,0.623262014559621,0.6166586138438721,0.6093032488796055,0.9331192278287955,0.8691379725457683,0.7592080553771001,0.96529848317099,0.5246154854127131,0.9128636274254068,0.608329306921936,26.093032488796055,4868.14361779828,lhs,5,-1,-1
humpback,32322.242292365678,35.53225352513613,36.9619364404258,-1.988523670563211,1,96.1,0.4538807061463466,0.5710875387267423,0.918626871664537,0.2666163890604534,0.10940010574684002,0.9817737018856135,0.3678379466268928,0.7061413495882176,1.004246317765856,0.8713262616180226,1.4389701537484028,0.6333081945302267,0.6507940539308884,0.7908868509428068,23.67837946626893,4341.918104885324,lhs,6,-1,-1
humpback,27069.015900819548,35.51940908861525,36.65169302817009,-1.887195593009153,1,97.9,0.42380205398519455,0.9939200315421327,0.45425814562940353,0.06421200470068768,0.3202087538998879,0.7225671405586017,0.13709361619864152,0.41508653119008926,0.9907109242933376,0.9981760094626397,1.0906936092220527,0.5321060023503439,0.7583064644889429,0.6612835702793008,21.370936161986414,3667.1366139111033,lhs,7,-1,-1
humpback,31841.04068265561,35.49905349719313,36.59149291395198,-1.8912589545265632,1,97.1,0.7564541088764868,0.05248466013550643,0.47830098099186935,0.23430779774165664,0.49939578419680036,0.8822677600862211,0.2706534808071354,0.5713181320092189,1.1404043489944191,0.7157453980406518,1.108725735743902,0.6171538988708283,0.8496918499403682,0.7411338800431105,22.706534808071353,4029.3439572501734,lhs,8,-1,-1
humpback,22821.627721406327,35.580817740622365,36.99472503033621,-2.5531003102599925,1,66.1,0.19539860305027182,0.2656143041355417,0.07344036638785896,0.3283789078024732,0.9469109199275909,0.19347209284360517,0.9772989283892023,0.7836229368689109,0.8879293713726224,0.7796842912406625,0.8050802747908943,0.6641894539012366,0.98,0.3967360464218026,29.772989283892024,4521.551416836884,lhs,9,-1,-1
humpback,26853.07067271733,35.58065308125089,36.518270051305365,-2.0773382814857655,1,59.1,0.4599720142490205,0.6945813869972537,0.26557406173323156,0.5633454127044994,0.21056119924946878,0.46519487926872544,0.426645444874751,0.8328158405953824,1.0069874064120592,0.9083744160991761,0.9491805462999237,0.7816727063522497,0.702386211617229,0.5325974396343627,24.26645444874751,4635.600244836335,lhs,10,-1,-1
humpback,24166.304720053377,35.552279068267126,36.73354900008104,-2.415197880590199,1,57.1,0.09856341384305807,0.7102926035897106,0.8968782769802786,0.18383390513304412,0.5492986979799598,0.2971863263368422,0.9178404348946224,0.8531446755666369,0.8443535362293761,0.9130877810769131,1.4226587077352089,0.5919169525665221,0.8751423359697794,0.4485931631684211,29.178404348946223,4682.7306158336905,lhs,11,-1,-1
humpback,30261.16791550072,35.662695563839236,36.914999125078964,-2.260424504688501,1,57.0,0.35759988432812734,0.763355532581614,0.5844574847358616,0.6197109771940329,0.7684425819824355,0.8088893201816143,0.49703513913216407,0.8816553523982287,0.9609199479476573,0.9290066597744842,1.188343113551896,0.8098554885970164,0.98,0.7044446600908072,24.970351391321643,4748.829769000054,lhs,12,-1,-1
humpback,21625.1263014062,35.44856288830562,36.72641002221741,-2.4727861023520745,1,57.0,0.10552500550391883,0.021350502347538974,0.38543401411979256,0.029760946417659452,0.5964739259578427,0.06448878511040317,0.46959629080317344,0.5945210556504607,0.8474862524767635,0.7064051507042617,1.0390755105898444,0.5148804732088297,0.8992017022384998,0.33224439255520155,24.695962908031735,4083.137615420028,lhs,13,-1,-1
humpback,32066.755255978096,35.66396961096456,36.82330586735753,-2.2544260076705314,1,59.0,0.40310959721180395,0.6108693158120444,0.5022207092647449,0.9483702956941285,0.9909463839656324,0.8870703631716719,0.04986171197294079,0.35516062679161753,0.9813993187453118,0.8832607947436133,1.1266655319485586,0.9741851478470642,0.98,0.743535181585836,20.49861711972941,3528.204397153686,lhs,14,-1,-1
humpback,23222.82198686898,35.582393320337474,36.57121425495109,-2.528153417154442,1,66.4,0.29085029845801086,0.8909367680011216,0.17428474060783064,0.44104939679431693,0.8111711022846826,0.25810613557811835,0.8062456134375958,0.08280063068825538,0.930882634306105,0.9672810304003365,0.8807135554558729,0.7205246983971585,0.98,0.42905306778905916,28.062456134375957,2896.764982187651,lhs,15,-1,-1
humpback,29732.263962444424,35.45239176687414,36.510015435307196,-2.09264953155008,1,69.8,0.7225169390548106,0.7515513740203376,0.9981380135049134,0.22011075027361063,0.18497237679095574,0.6705746868481849,0.5391595905311216,0.09471464940218917,1.1251326225746647,0.9254654122061012,1.498603510128685,0.6100553751368053,0.6893359121633874,0.6352873434240924,25.391595905311217,2924.3864431740353,lhs,16,-1,-1
humpback,28630.42505889391,35.53675559469241,36.73588989126728,-2.3607393868712165,1,74.7,0.49195376586677586,0.4441925245572719,0.8109898620854212,0.29786736948272685,0.8266554385745963,0.5846650708207627,0.226357709049204,0.2825697080534006,1.0213791946400492,0.8332577573671816,1.358242396564066,0.6489336847413634,0.98,0.5923325354103813,22.26357709049204,3359.909611151004,lhs,17,-1,-1
humpback,29403.337667056436,35.54230531235521,36.97570374481353,-1.923978586608598,1,91.6,0.5007406773894996,0.1589483583461516,0.3551308791387124,0.08885445736928413,0.6999066529767052,0.8476578949587205,0.7383908990063105,0.6948883813530529,1.0253333048252748,0.7476845075038454,1.0163481593540342,0.5444272286846421,0.9519523930181197,0.7238289474793602,27.383908990063105,4315.829223328918,lhs,18,-1,-1
humpback,28911.740064586003,35.46330893825905,36.588074526628986,-1.892412142635635,1,97.1,0.7396347448896116,0.23482709907789723,0.35813725414853254,0.016725504305913522,0.6597816286365421,0.7784111727372761,0.47180054733017257,0.2165811334644175,1.1328356352003253,0.7704481297233692,1.0186029406113994,0.5083627521529568,0.9314886306046364,0.689205586368638,24.718005473301726,3206.9216998239053,lhs,19,-1,-1
humpback,33327.61832987673,35.55776501463572,36.77052974904598,-1.8386732384103084,1,92.7,0.633903169313109,0.5730122301619421,0.6701782404386061,0.5968901652342958,0.058464472742619074,0.9688544172069568,0.998809908231896,0.49442884029273,1.085256426190899,0.8719036690485826,1.2526336803289546,0.7984450826171479,0.6248168810987357,0.7844272086034784,29.98809908231896,3851.083823334665,lhs,20,-1,-1
humpback,27924.12922263555,35.57000396329755,36.87403157805676,-2.1882927180219554,1,89.3,0.16117978192971194,0.791495780576641,0.8495381797675833,0.1322473086449752,0.7023791892084633,0.7425568794409644,0.5871835783673939,0.36282511336850004,0.8725309018683705,0.9374487341729922,1.3871536348256874,0.5661236543224876,0.9532133864963163,0.6712784397204822,25.871835783673937,3545.9737428335307,lhs,21,-1,-1
humpback,26873.326391100934,35.63037132230642,36.47966343381637,-2.2263073328082896,1,102.2,0.13033400121056435,0.17871711715392385,0.10952873590666738,0.8838073437058976,0.4466072458776334,0.42686005379966313,0.5595137307271192,0.7260282813077953,0.858650300544754,0.7536151351461771,0.8321465519300005,0.9419036718529488,0.822769695397593,0.5134300268998315,25.59513730727119,4388.023967383992,lhs,22,-1,-1
humpback,32071.94791020718,35.63907946014024,36.657744665640166,-2.23552574346553,1,100.1,0.527566481928187,0.34750427628517905,0.4212004292087838,0.7974110705837396,0.9280220585616389,0.8673728199350629,0.08762676892554092,0.5375077869644189,1.0374049168676842,0.8042512828855537,1.065900321906588,0.8987055352918698,0.98,0.7336864099675314,20.876267689255407,3950.9580532983096,lhs,23,-1,-1
humpback,25916.24232342863,35.54996328852201,36.464569753890146,-2.5528478304876785,1,92.5,0.23184219648674664,0.500180937187154,0.8741051502095597,0.7716142810103739,0.2502006373604888,0.1435518878575417,0.8972053406538395,0.45441367308479413,0.904328988419036,0.8500542811561462,1.40557886265717,0.8858071405051869,0.7226023250538492,0.37177594392877084,28.972053406538393,3758.3126596797865,lhs,24,-1,-1
humpback,34635.554516521785,35.62867009767001,36.895939207922765,-2.061465912860001,1,96.8,0.261506041829771,0.11476439232198174,0.7622575751704771,0.8489612241719265,0.35907564495906763,0.9960736630036481,0.85884444248796,0.9705810779780547,0.917677718823397,0.7344293176965945,1.3216931813778579,0.9244806120859632,0.7781285789291245,0.798036831501824,28.5884444248796,4954.995171184322,lhs,25,-1,-1
humpback,28300.203105935543,35.54819314939391,36.764405884567054,-2.6094957535661933,1,98.5,0.7969389049938486,0.3884007091257768,0.7777194264689998,0.5737573032662961,0.7945634716241771,0.3280871597129996,0.005973846004892011,0.6193170831118942,1.1586225072472318,0.816520212737733,1.33328956985175,0.7868786516331481,0.98,0.4640435798564998,20.05973846004892,4140.624725486616,lhs,26,-1,-1
humpback,22592.40669892305,35.42559206930065,36.393001122317514,-2.2572601895736284,1,105.0,0.8697022764297004,0.5341054511549116,0.04647367800481073,0.37196444166011433,0.1619610888815518,0.00605498533304707,0.39071397844617595,0.00866366580323213,1.1913660243933653,0.8602316353464734,0.784855258503608,0.6859822208300572,0.6776001553295914,0.3030274926665235,23.90713978446176,2724.885842798213,lhs,27,-1,-1
humpback,25781.68331657863,35.50059306850426,36.48507512054306,-2.0840936611098186,1,103.8,0.7779797552171099,0.4650885724251973,0.20638129692107107,0.5050941480095398,0.004934775598247739,0.23078360966617076,0.19760338393506072,0.8110495766979752,1.1500908898476996,0.8395265717275592,0.9047859726908033,0.75254707400477,0.5975167355551063,0.41539180483308535,21.976033839350606,4585.137338616586,lhs,28,-1,-1
humpback,27808.915318331598,35.46560718789539,36.59362550555147,-2.136301198175431,1,98.1,0.9811023334925584,0.9438010490585327,0.7193253572837688,0.11247407065949029,0.3812978376476921,0.561409202205544,0.4399898512724768,0.4750035526724097,1.2414960500716512,0.9831403147175598,1.2894940179628267,0.5562370353297451,0.789461897200323,0.580704601102772,24.399898512724768,3806.048236515715,lhs,29,-1,-1
humpback,23347.548097214487,35.55556713877047,36.377920411474406,-2.5932508335912416,1,102.1,0.11517509020473121,0.2010087303256346,0.135877031264023,0.8236934086366287,0.35460690556065316,0.02649435140263103,0.1562697945686676,0.11677946366039701,0.8518287905921291,0.7603026190976904,0.8519077734480173,0.9118467043183143,0.775849521835933,0.3132471757013155,21.562697945686676,2975.541508550264,lhs,30,-1,-1
humpback,25821.16862273915,35.57910791169235,36.51216659850354,-2.307832083451217,1,94.5,0.08086595883163601,0.8393227230596076,0.616020511156248,0.4123085349567942,0.4409132920602584,0.45339117380140814,0.9309546351132638,0.44110096549270406,0.8363896814742362,0.9517968169178823,1.212015383367186,0.7061542674783972,0.8198657789507318,0.5266955869007041,29.30954635113264,3727.4484783982853,lhs,31,-1,-1
humpback,33518.98194497943,35.53353836262659,36.43329897357353,-2.161161450990562,1,99.7,0.8971251945288845,0.14390764338620993,0.6732121538826337,0.8043821853560312,0.24084112547901992,0.6898185722379391,0.8429435572143765,0.5472786668076338,1.203706337537998,0.743172293015863,1.2549091154119751,0.9021910926780157,0.7178289739943001,0.6449092861189696,28.429435572143767,3973.6108611268182,lhs,32,-1,-1
humpback,27672.00074127545,35.48494272962256,36.570525577251544,-2.3280388225215347,1,94.3,0.6494260808937079,0.0896323190725428,0.5300223355988984,0.35115266502633197,0.4613397535022376,0.36257122426931726,0.019871362028647997,0.6790093504973292,1.0922417364021686,0.7268896957217628,1.1475167516991738,0.675576332513166,0.8302832742861411,0.4812856121346586,20.19871362028648,4279.015278193008,lhs,33,-1,-1
humpback,29594.87507812002,35.61727063423177,36.75010123367798,-2.2974590849166816,1,86.1,0.03743640224013321,0.3427461725341419,0.6455064730427218,0.549710441307766,0.7767098403516207,0.7532368634415932,0.40672312955569406,0.21379027003172998,0.81684638100806,0.8028238517602425,1.2341298547820414,0.774855220653883,0.98,0.6766184317207966,24.06723129555694,3200.4513620415623,lhs,34,-1,-1
humpback,29561.30958654424,35.512898687301,36.438796104033486,-2.4966360052076197,1,84.7,0.9216488335146138,0.3639553503560723,0.7100977083216922,0.6389697593585096,0.576848807968735,0.39857463060632103,0.2553503438584176,0.18304773545368613,1.2147419750815762,0.8091866051068217,1.2825732812412691,0.8194848796792549,0.8891928920640548,0.4992873153031605,22.553503438584176,3129.1778698758258,lhs,35,-1,-1
humpback,29712.327713071485,35.48236927057735,36.42138111047569,-1.6319500330174606,1,84.6,0.8522381158185367,0.4004407596468526,0.2164037272469174,0.20803719080021546,0.3330027702308181,0.8370145323681151,0.2889131985860985,0.1328683945872974,1.1835071521183416,0.8201322278940557,0.9123027954351881,0.6040185954001077,0.7648314128177172,0.7185072661840575,22.889131985860985,3012.84208601119,lhs,36,-1,-1
humpback,24986.53645924067,35.512619620741646,36.527501909467674,-2.442198289273847,1,80.4,0.771268001235302,0.9629008426378894,0.739149463693345,0.5296652259233072,0.09110981836592424,0.10139962499112389,0.059802025382032845,0.9226512368136852,1.147070600555886,0.9888702527913669,1.3043620977700088,0.7648326129616536,0.6414660073666213,0.3506998124955619,20.59802025382033,4843.874627428849,lhs,37,-1,-1
humpback,26880.326140988043,35.6293297839303,36.70904089556342,-2.0796770775234563,1,68.6,0.04435608999002089,0.8002388313028307,0.3252854192029148,0.6938714873513946,0.22739160645801507,0.5500121537565984,0.3363951338335619,0.735936749102389,0.8199602404955094,0.9400716493908492,0.9939640644021861,0.8469357436756972,0.7109697192935877,0.5750060768782992,23.363951338335617,4410.99575911898,lhs,38,-1,-1
humpback,26575.311510932348,35.64283946009925,36.840635299003225,-2.426861126267795,1,64.3,0.01234801351088156,0.6641357609162261,0.5517808022200137,0.5224718182172025,0.8747570869322099,0.5213790341823377,0.21397363383838763,0.6656850164132698,0.8055566060798968,0.8992407282748678,1.1638356016650102,0.7612359091086012,0.98,0.5606895170911688,22.139736338383877,4248.124142052525,lhs,39,-1,-1
humpback,29699.55551863597,35.62857083059157,36.692488069860474,-2.462231073360556,1,61.6,0.9872297794162366,0.42434849576879335,0.15492663223010306,0.9427313758441709,0.9061515964198242,0.5397658855866637,0.8809945870328133,0.7602804454599223,1.2442534007373065,0.827304548730638,0.8661949741725773,0.9713656879220854,0.98,0.5698829427933318,28.809945870328132,4467.434184754284,lhs,40,-1,-1
humpback,26292.42883375952,35.569549213833966,36.97073832446114,-2.381855367829985,1,58.9,0.8301527310074259,0.8252309506634331,0.41154152823324847,0.31015143090349284,0.7148882794163871,0.4141375098816263,0.16084363017678927,0.9007813433990758,1.1735687289533416,0.9475692851990299,1.0586561461749364,0.6550757154517464,0.9595930225023575,0.5070687549408132,21.60843630176789,4793.171466536418,lhs,41,-1,-1
humpback,29512.534157951144,35.615970195979,36.49618604153409,-1.789124653199167,1,58.3,0.023626310894534,0.01166248918680765,0.15929696390847808,0.8977452039463134,0.14679130190121928,0.7005230608229895,0.7805227816796284,0.5129777720471451,0.8106318399025404,0.7034987467560423,0.8694727229313586,0.9488726019731567,0.6698635639696219,0.6502615304114947,27.805227816796283,3894.087666714101,lhs,42,-1,-1
humpback,25491.836521422236,35.54476265762986,36.369331977171896,-2.175348841204027,1,69.3,0.24967944565759756,0.06085119948578538,0.03581152457698987,0.7233641363654688,0.30823956028692584,0.2756330305590741,0.5822334268690992,0.03549454726895387,0.912355750545919,0.7182553598457355,0.7768586434327424,0.8616820681827344,0.7522021757463322,0.437816515279537,25.82233426869099,2787.0905583883423,lhs,43,-1,-1
humpback,27713.596228183356,35.528866181328,36.418307937725615,-2.6256527136641807,1,62.9,0.6981727228428792,0.4895151374582191,0.8186752311883876,0.9689646909211204,0.26804098014400385,0.12413950614997178,0.5239691013751049,0.15268872227409022,1.1141777252792957,0.8468545412374657,1.3640064233912907,0.9844823454605602,0.7317008998734419,0.3620697530749859,25.23969101375105,3058.7935337202507,lhs,44,-1,-1
humpback,23207.015428909814,35.55492961210285,36.430442367405874,-2.3719964951246766,1,74.0,0.33177348893087527,0.9280779690479479,0.25429968585361784,0.7049307272239405,0.04038144671065482,0.0735423625709465,0.6315529954143586,0.5171445941916711,0.9492980700188939,0.9784233907143844,0.9407247643902134,0.8524653636119702,0.6155945378224339,0.33677118128547323,26.315529954143585,3903.74802717397,lhs,45,-1,-1
humpback,31292.03959378899,35.60087243527863,36.36651738386456,-2.0469582168106513,1,81.5,0.9337577954780695,0.6279435156942798,0.22909602934934403,0.9267550236669958,0.5280787653700963,0.7640222609009808,0.3011927430317392,0.02378351279736663,1.2201910079651312,0.8883830547082839,0.921822022012008,0.963377511833498,0.8643201703387492,0.6820111304504903,23.011927430317392,2759.9396960694144,lhs,46,-1,-1
humpback,27101.413811942642,35.609836963042994,36.73092285269814,-2.5814538354470074,1,89.6,0.6746076237991078,0.9360368279132294,0.5702042029837775,0.6622995480721053,0.7433582326198894,0.375829060598286,0.9618753326682135,0.6486643154296979,1.1035734307095986,0.9808110483739688,1.177653152237833,0.8311497740360527,0.9741126986361436,0.487914530299143,29.618753326682135,4208.663348892212,lhs,47,-1,-1
humpback,27233.11127360608,35.50181918536481,36.428611732514184,-2.5137247656102772,1,95.7,0.9557233228402152,0.4370037007161168,0.6112623164977157,0.9059321039771998,0.021161646602907255,0.04212900161419795,0.6792484144832716,0.6322175231017237,1.2300754952780968,0.831101110214835,1.2084467373732868,0.9529660519885998,0.6057924397674826,0.321064500807099,26.792484144832716,4170.533105559037,lhs,48,-1,-1
humpback,23079.891976892606,35.476579459613276,36.684694749669404,-2.6648152688829896,1,94.6,0.5521578369851988,0.5481741913275749,0.6950591755067144,0.2560983295756983,0.8696723361236405,0.05688932497126561,0.5137335732360957,0.19015475748132446,1.0484710266433395,0.8644522573982725,1.2712943816300357,0.6280491647878491,0.98,0.3284446624856328,25.137335732360956,3145.6547897447026,lhs,49,-1,-1
humpback,29232.24715308928,35.526483429060875,36.512722440716516,-2.150054086831574,1,87.9,0.06859468113631127,0.27337385364996153,0.9033040499547944,0.41805799010190847,0.1904560574610835,0.6296106202469158,0.8350618638758344,0.3103844518602763,0.8308676065113401,0.7820121560949884,1.4274780374660958,0.7090289950509543,0.6921325893051525,0.6148053101234578,28.35061863875834,3424.3953131928647,lhs,50,-1,-1
humpback,29724.540218737,35.523273351158196,36.60493540271972,-1.7581470906226286,1,102.8,0.5899598160224673,0.08383135309273992,0.28143211527450335,0.37120570742889586,0.12913403975376916,0.6815236563209495,0.6163275867301837,0.9729319464565421,1.0654819172101102,0.725149405927822,0.9610740864558776,0.685602853714448,0.6608583602744222,0.6407618281604748,26.163275867301838,4960.445424664847,lhs,51,-1,-1
humpback,26401.404454159543,35.42013796063537,36.66894863699156,-2.2330226940996454,1,95.0,0.43565312744634743,0.1321479875787343,0.9812666932500548,0.12272960800025545,0.11562895040272067,0.300582779253983,0.2844717648503281,0.8883762389579459,0.9960439073508564,0.7396443962736202,1.485950019937541,0.5613648040001278,0.6539707647053875,0.4502913896269915,22.84471764850328,4764.411472400102,lhs,52,-1,-1
humpback,30405.218454005102,35.615870336211515,36.400534987670426,-1.8921901981642577,1,102.9,0.9029083143394607,0.6796279502784411,0.12820625095693988,0.7363110170804196,0.6049732964698917,0.826491805571773,0.3204895510553388,0.32989610017199966,1.2063087414527573,0.9038883850835323,0.8461546882177049,0.8681555085402097,0.9035363811996447,0.7132459027858865,23.20489551055339,3469.631118638764,lhs,53,-1,-1
humpback,27459.381114976633,35.55436068920187,36.364229876455965,-2.4633297429280105,1,103.5,0.8264856535636818,0.29023736647299664,0.1944217634632217,0.9890120961420437,0.3912482849842401,0.20845214213273766,0.7214981293948514,0.27046882925861504,1.1719185441036568,0.7870712099418989,0.8958163225974163,0.9945060480710218,0.7945366253419625,0.4042260710663688,27.21498129394851,3331.854933753173,lhs,54,-1,-1
humpback,24340.60842560593,35.49087368412984,36.73684246354969,-2.163492381708977,1,92.9,0.3178672731075211,0.9810517869217711,0.8576186681391692,0.07314245765176057,0.05533155209031521,0.3290106265056195,0.2376116388519568,0.9898854126631592,0.9430402728983845,0.9943155360765313,1.393214001104377,0.5365712288258803,0.6232190915660607,0.46450531325280975,22.37611638851957,4999.7503407182685,lhs,55,-1,-1
humpback,21771.020260458914,35.486715632080404,36.91893592330064,-2.4574074241743915,1,97.6,0.3011752047800985,0.7255761392695383,0.43907080249887653,0.0014361491359810607,0.8919196082175902,0.1801148872156168,0.692808864738237,0.29028980484356054,0.9355288421510444,0.9176728417808615,1.0793031018741575,0.5007180745679906,0.98,0.39005744360780836,26.92808864738237,3377.8078835493106,lhs,56,-1,-1
humpback,28695.18860065221,35.62898663154891,36.36959508520687,-1.9852949911215774,1,101.8,0.4817133034146753,0.2570856892858996,0.010439635796131158,0.9729899269546479,0.5377748094662957,0.6107975407557513,0.9517995763776063,0.32099853531891165,1.016770986536604,0.7771257067857699,0.7578297268470984,0.9864949634773239,0.8692651528278107,0.6053987703778756,29.517995763776064,3449.0030042833646,lhs,57,-1,-1
humpback,29613.26127747035,35.63867364083882,36.76894191765547,-2.5688293928442363,1,93.2,0.571788841591769,0.8766228081484414,0.9416437087641335,0.8303993588735266,0.9622352318719466,0.5069096578330787,0.4562333994791945,0.7969003733389832,1.057304978716296,0.9629868424445325,1.4562327815731,0.9151996794367633,0.98,0.5534548289165393,24.562333994791945,4552.333825549099,lhs,58,-1,-1
humpback,24054.10685206225,35.432696573765156,36.50183854102437,-2.524593698279091,1,94.3,0.3479081937923826,0.32505546786035855,0.9455115186798421,0.28280005497257094,0.4179299931933979,0.08978342823364956,0.6669959215383215,0.049398953172300586,0.9565586872065722,0.7975166403581075,1.4591336390098815,0.6414000274862854,0.8081442965286328,0.3448917141168248,26.669959215383216,2819.3265330346617,lhs,59,-1,-1
humpback,27823.922117133086,35.44731753430534,36.45926782661053,-2.429621645516761,1,96.0,0.6153312628959006,0.11069057079287502,0.8313853772290837,0.4915784291932968,0.2825064845296559,0.25018371573718395,0.9115928305515179,0.16375013078527925,1.0768990683031552,0.7332071712378625,1.373539032921813,0.7457892145966484,0.7390783071101245,0.42509185786859194,29.115928305515176,3084.438303212591,lhs,60,-1,-1
humpback,33347.48397511155,35.53864837888801,36.648522957466525,-2.0971125754854256,1,94.6,0.5344190199867977,0.30274440169272265,0.9614188207273553,0.39876431989923355,0.47520676739357615,0.9529386930772427,0.7107263561143186,0.38711619478725984,1.040488558994059,0.7908233205078168,1.4710641155455164,0.6993821599496168,0.8373554513707239,0.7764693465386213,27.107263561143185,3602.2901859947833,lhs,61,-1,-1
humpback,30025.52846631118,35.58922600444333,36.632885609739844,-2.5133315270862795,1,95.1,0.6581817265662583,0.22419261245354716,0.597233551682519,0.7644989109676309,0.6805583050342381,0.47180884306441434,0.11064968858106668,0.8161615322353525,1.0961817769548161,0.7672577837360641,1.1979251637618893,0.8822494554838154,0.9420847355674614,0.5359044215322072,21.106496885810667,4596.988896334441,lhs,62,-1,-1
humpback,28266.269707720476,35.61057018175359,36.471784285186175,-2.5470080183338837,1,90.1,0.22186129973275848,0.6339686934724691,0.7865063197217377,0.7499616592452278,0.8323090466477999,0.4883096596651707,0.6451775610598515,0.06462246598779194,0.8998375848797413,0.8901906080417408,1.3398797397913031,0.8749808296226139,0.98,0.5441548298325853,26.451775610598514,2854.620725146097,lhs,63,-1,-1
humpback,29264.780874571574,35.669241488870114,36.867274081561845,-1.5668316591480789,1,89.0,0.3752037335914329,0.9121180375584695,0.027845297429320365,0.8586619287720292,0.41321834064051843,0.927666874883628,0.5459433846788576,0.4119337590492553,0.9688416801161448,0.9736354112675409,0.7708839730719903,0.9293309643860146,0.8057413537266643,0.763833437441814,25.459433846788578,3659.8272269797935,lhs,64,-1,-1
humpback,25620.66981682627,35.58967778178521,36.57807646894304,-2.645048232304589,1,86.5,0.28467207344517614,0.38112605606833894,0.518953457664576,0.6553975098872284,0.6448116026966565,0.21468009796632295,0.34789004857897454,0.7467408398725248,0.9281024330503294,0.8143378168205017,1.139215093248432,0.8276987549436142,0.9238539173752948,0.40734004898316145,23.478900485789744,4436.043963160462,lhs,65,-1,-1
humpback,28225.49405508078,35.46015057824263,36.48826648872159,-2.1894394606974856,1,72.3,0.6118032993336218,0.47663143287601123,0.7432263537568584,0.14390668366706588,0.5093842717903041,0.5900607779670438,0.7547510959702702,0.10551371989371601,1.07531148470013,0.8429894298628033,1.3074197653176438,0.571953341833533,0.854785978613055,0.5950303889835219,27.547510959702702,2949.423008201591,lhs,66,-1,-1
humpback,30664.359357890764,35.644120107499305,36.700598279204314,-1.9419183616691384,1,67.9,0.8769315889869611,0.5971298956864198,0.06677270033059808,0.6733631998694963,0.7396559270634886,0.9388172771332001,0.7648275961750178,0.5828940514578563,1.1946192150441326,0.8791389687059259,0.8000795252479486,0.8366815999347481,0.9722245228023791,0.7694086385666,27.64827596175018,4056.1815688998945,lhs,67,-1,-1
humpback,25445.91599255584,35.55319042437452,36.68004274931519,-2.694795297471444,1,65.4,0.3930953434981343,0.037837386400048925,0.3081341944875503,0.6054998533247882,0.9305312071284756,0.16632465404210708,0.7926765246082237,0.46997056934805154,0.9768929045741604,0.7113512159200146,0.9811006458656627,0.8027499266623941,0.98,0.3831623270210535,27.926765246082237,3794.3797679765225,lhs,68,-1,-1
humpback,29455.226747405715,35.514538555589866,36.56524944677591,-1.9908246188500698,1,61.6,0.8026224437462376,0.6518260313313115,0.48604141898889536,0.16077451367868842,0.5606016357105181,0.79037875779536,0.18410615439769673,0.3738119388366232,1.161180099685807,0.8955478093993934,1.1145310642416715,0.5803872568393442,0.8809068342123642,0.69518937889768,21.841061543976966,3571.4455989988273,lhs,69,-1,-1
humpback,26521.1007506165,35.60268788652576,36.45787947574729,-2.5201029649068687,1,57.7,0.07465331468915715,0.050536981548411616,0.19999779607971868,0.7511388166425309,0.8063699199241704,0.3957174555666705,0.10723515681204185,0.04563774676776143,0.8335939916101207,0.7151610944645235,0.899998347059789,0.8755694083212655,0.98,0.49785872778333523,21.072351568120418,2810.606552106378,lhs_test,0,-1,-1
humpback,25085.639576772435,35.526465591814826,36.57872449816358,-2.4663497578420106,1,56.6,0.258248486683476,0.392786912466902,0.8419522840417182,0.4948106749680797,0.19508103856329054,0.1350019186610478,0.6343272196497802,0.9967106148802839,0.9162118190075642,0.8178360737400706,1.3814642130312886,0.7474053374840398,0.6944913296672781,0.3675009593305239,26.3432721964978,5015.57388953845,lhs_test,1,-1,-1
humpback,31936.854565700145,35.570754194732615,36.83453721539132,-2.0263910582197013,1,58.2,0.6235496413280124,0.06462793959211346,0.3305725197016802,0.34269232833002294,0.9306302907842612,0.9846938565296889,0.8961520547321981,0.49677395142778336,1.0805973385976055,0.719388381877634,0.9979293897762602,0.6713461641650115,0.98,0.7923469282648444,28.96152054732198,3856.5207289901728,lhs_test,2,-1,-1
humpback,28843.196865335703,35.563796861178275,36.36261433602499,-1.8542390474190142,1,72.2,0.7241699430677881,0.30850028032984655,0.08749941484704703,0.9321853136169784,0.06587455105002071,0.476915847726916,0.22569056617368632,0.3414254628792829,1.1258764743805048,0.7925500840989539,0.8156245611352853,0.9660926568084892,0.6285960210355105,0.5384579238634579,22.256905661736862,3496.3607931393294,lhs_test,3,-1,-1
humpback,28875.934427430693,35.51390959335981,36.5292770051671,-2.18123795789802,1,57.9,0.5583733838503893,0.9636168205903574,0.959030686051566,0.27706938647324275,0.3700701137978004,0.654897515518065,0.7703302532092554,0.2152728591255024,1.0512680227326752,0.9890850461771072,1.4692730145386745,0.6385346932366214,0.7837357580368782,0.6274487577590324,27.703302532092554,3203.8885965965646,lhs_test,4,-1,-1
humpback,24817.453911344623,35.4265374233554,36.87973574142859,-2.4911464991581056,1,69.6,0.9951547053209728,0.6325157303354971,0.8991198048450462,0.07928945206967702,0.9783937510720524,0.19704081144820015,0.66098656356009,0.34833982187901347,1.2478196173944378,0.8897547191006492,1.4243398536337846,0.5396447260348385,0.98,0.3985204057241001,26.6098656356009,3512.3910430443048,lhs_test,5,-1,-1
humpback,23186.670005371278,35.575785813618666,36.60274549372946,-2.7736696266417766,1,72.7,0.51844790821129,0.9274808163828622,0.6280214118542939,0.5915318268902038,0.6310886382748607,0.007093035351998636,0.7845259687762921,0.8526361823875532,1.0333015586950807,0.9782442449148587,1.2210160588907204,0.7957659134451018,0.916855205520179,0.30354651767599933,27.84525968776292,4681.551725247304,lhs_test,6,-1,-1
humpback,23112.748882743897,35.52343140118097,36.48121102340855,-2.4608178773621034,1,83.6,0.4137416584576987,0.8491454147309146,0.44566991854646165,0.5424780589266693,0.11098418058975858,0.037296030658821894,0.39224838850611754,0.6452562614877986,0.9861837463059644,0.9547436244192744,1.0842524389098462,0.7712390294633347,0.6516019321007769,0.31864801532941095,23.922483885061176,4200.762116633313,lhs_test,7,-1,-1
humpback,26311.31929230866,35.62631529920367,36.525943787833,-2.4665360387085684,1,81.7,0.0188283774361406,0.7954103118737985,0.5003878261352681,0.6857391799638817,0.6859992107573836,0.46679697823302785,0.4307603635406087,0.10866041424294237,0.8084727698462633,0.9386230935621396,1.125290869601451,0.8428695899819408,0.9448595974862657,0.5333984891165139,24.30760363540609,2956.7183043808377,lhs_test,8,-1,-1
humpback,28929.124328467547,35.55252527023339,36.625670607321354,-2.4122874131089134,1,89.4,0.4615943706818495,0.43040644029195874,0.7857049712200278,0.4284734388568317,0.8522638605569655,0.5695439858409213,0.14302655473754416,0.18671068569421329,1.0077174668068323,0.8291219320875876,1.339278728415021,0.7142367194284158,0.98,0.5847719929204607,21.43026554737544,3137.6700537134643,lhs_test,9,-1,-1
humpback,23242.921834651963,35.635171772432386,36.888721381070695,-2.7302272551905844,1,100.3,0.11477464191670744,0.2301142568760136,0.047740971512839306,0.7194302189718577,0.8348191332682208,0.12154053755448338,0.37188281202880935,0.9537763633991204,0.8516485888625184,0.769034277062804,0.7858057286346295,0.8597151094859288,0.98,0.36077026877724166,23.718828120288094,4916.03512090452,lhs_test,10,-1,-1
humpback,26376.481805472577,35.4953235932706,36.53022756452026,-2.5147781608832815,1,102.2,0.8029843414690265,0.2180015559676449,0.23625218565306488,0.39803283484308305,0.7571323158497938,0.3207272675109685,0.9349657517885075,0.015515673384534176,1.161342953661062,0.7654004667902934,0.9271891392397986,0.6990164174215415,0.98,0.4603636337554842,29.349657517885074,2740.771537174704,lhs_test,11,-1,-1
humpback,23685.403682149088,35.61554310884537,36.42833423160539,-2.2415166693212996,1,98.2,0.04728187041118275,0.7071303763949459,0.015850967328435703,0.69903777291062,0.4260430223937205,0.30709488223106507,0.9970899914753366,0.28038179923216183,0.8212768416850322,0.9121391129184837,0.7618882254963267,0.84951888645531,0.8122819414207975,0.4535474411155325,29.970899914753367,3354.8371633398438,lhs_test,12,-1,-1
humpback,33753.947015619975,35.573534515834126,36.48959198742597,-2.3668409939769504,1,95.0,0.9364483761734534,0.32515838015329795,0.9074788913620376,0.7860068401071513,0.5667918428402159,0.7170079488358003,0.2639584953032097,0.7667842274214035,1.221401769278054,0.7975475140459893,1.4306091685215283,0.8930034200535757,0.8840638398485101,0.6585039744179002,22.6395849530321,4482.512552853782,lhs_test,13,-1,-1
humpback,29079.862346863745,35.56422597953491,36.396229456524054,-2.0881895235964976,1,100.5,0.4742771398686901,0.12733392541162722,0.27171565872130077,0.9386012261200917,0.0448870655961581,0.4153994283827638,0.7097797766609643,0.6075414833193452,1.0134247129409106,0.7382001776234881,0.9537867440409755,0.9693006130600459,0.6178924034540406,0.5076997141913819,27.09779776660964,4113.324174927569,lhs_test,14,-1,-1
humpback,29963.40894946262,35.44938849634116,36.49067043329262,-1.8705683833818512,1,95.7,0.8155974981997046,0.7715610400078379,0.675298863831927,0.06222572909533827,0.26285630765377405,0.8438395380679322,0.5077198661015657,0.15455531989986063,1.167018874189867,0.9314683120023514,1.2564741478739454,0.5311128645476692,0.7290567169034248,0.721919769033966,25.077198661015657,3063.1210536558365,lhs_test,15,-1,-1
humpback,27712.454340946228,35.597542732751606,37.13142029741596,-2.045515049804692,1,90.8,0.19393151244684753,0.9698657105086758,0.6172275761036359,0.02892830457875176,0.5487812866061181,0.8353532430977656,0.7482151387866902,0.9051019472930175,0.8872691806010814,0.9909597131526027,1.212920682077727,0.5144641522893759,0.8748784561691202,0.7176766215488828,27.482151387866903,4803.188354604132,lhs_test,16,-1,-1
humpback,29421.30334909196,35.52818215767172,36.75154752973515,-1.5521655090685726,1,97.3,0.3098127205480657,0.44741936673172267,0.35804080687477596,0.1764938274019662,0.0009387045800265531,0.8915987040948511,0.32840534049173326,0.6951769807310263,0.9394157242466296,0.8342258100195168,1.0185306051560818,0.5882469137009831,0.5954787393358134,0.7457993520474255,23.284053404917334,4316.4983121268115,lhs_test,17,-1,-1
humpback,31073.605261441287,35.58411518656851,36.585041676661376,-2.3171557342682263,1,96.1,0.94450685371501,0.7349895537140114,0.5885408798738302,0.6106605259428808,0.7376341564349441,0.7246734229926496,0.8669311127093822,0.30743866211726323,1.2250280841717545,0.9204968661142034,1.1914056599053726,0.8053302629714404,0.9711934197818215,0.6623367114963248,28.66931112709382,3417.565794252663,lhs_test,18,-1,-1
humpback,23778.033633069026,35.44389642317543,36.61577610202272,-2.4392195866022917,1,95.3,0.7027913010388711,0.5989310805760097,0.7355675068647518,0.23330389212903602,0.2413040013694767,0.06633122902361722,0.21684269522674976,0.7891949134519849,1.116256085467492,0.8796793241728029,1.301675630148564,0.616651946064518,0.718065040698433,0.3331656145118086,22.1684269522675,4534.469487347082,lhs_test,19,-1,-1
humpback,28956.87547060501,35.6168018294843,36.53699883001735,-1.873341739229943,1,95.2,0.671666437261969,0.8822366779175208,0.15080227999880594,0.6513304526717145,0.4459915094507886,0.7580024384661364,0.022536641393220917,0.4683124531424733,1.102249896767886,0.9646710033752562,0.8631017099991045,0.8256652263358573,0.8224556698199021,0.6790012192330681,20.22536641393221,3790.53559136551,lhs_test,20,-1,-1
humpback,28310.649593397382,35.61051345342884,37.16202547465315,-1.8095328617263249,1,92.1,0.35105657290601916,0.35023345551875007,0.09907389685859494,0.10173788716193895,0.8964291207947135,0.9562894915189543,0.4406939859497454,0.7323648166829049,0.9579754578077087,0.8050700366556249,0.8243054226439462,0.5508689435809695,0.98,0.7781447457594771,24.406939859497456,4402.714590997646,lhs_test,21,-1,-1
humpback,28937.353905827622,35.550080105589075,36.48463379091072,-2.4658073162988785,1,87.9,0.14895941827910483,0.1576210170516058,0.9945704955310644,0.5198191242596585,0.6896197871057633,0.5119515531034312,0.4805217941736841,0.0778328271776485,0.8670317382255972,0.7472863051154817,1.4959278716482982,0.7599095621298293,0.9467060914239392,0.5559757765517156,24.805217941736842,2885.24762652866,lhs_test,22,-1,-1
humpback,24915.41062615884,35.548542839684785,36.64887310169911,-2.588567815078818,1,86.4,0.6343276672556993,0.4759452927668443,0.42103368306064093,0.4590030156250465,0.617267050648837,0.1620572719395202,0.042293142057098075,0.928145639565463,1.0854474502650646,0.8427835878300532,1.0657752622954808,0.7295015078125232,0.9098061958309069,0.3810286359697601,20.422931420570983,4856.61285076857,lhs_test,23,-1,-1
humpback,28375.635117410246,35.53880294227616,36.55709555153271,-2.0840697643847648,1,83.2,0.5905862138673587,0.586867337696905,0.4735698096412155,0.3525602592287571,0.3306031058905502,0.5989969941517729,0.8363691512775779,0.6760502205035949,1.0657637962403115,0.8760602013090715,1.1051773572309116,0.6762801296143786,0.7636075840041806,0.5994984970758864,28.36369151277578,4272.154831215535,lhs_test,24,-1,-1
humpback,29309.29252392463,35.63810337136596,36.49611325905255,-2.2637301435661925,1,74.2,0.3372330157197575,0.5277709194907738,0.3919730653463633,0.9791808382365023,0.38235314590825364,0.5567720906313324,0.3095221721608625,0.8227783233678246,0.951754857073891,0.8583312758472321,1.0439797990097723,0.9895904191182512,0.7900001044132093,0.5783860453156662,23.095221721608624,4612.329264895964,lhs_test,25,-1,-1
humpback,31490.065413557266,35.59206825729336,36.42933811349036,-1.7807873422732996,1,73.0,0.7726664306412675,0.2772887165445919,0.17579051799107093,0.8185214106295341,0.3102491485136204,0.7941302041696598,0.9527884900863407,0.588740347996122,1.1476998937885705,0.7831866149633775,0.8818428884933032,0.909260705314767,0.7532270657419464,0.69706510208483,29.527884900863405,4069.735622794209,lhs_test,26,-1,-1
humpback,31566.70806432636,35.52655200063742,36.76908293186534,-2.1300920048918783,1,67.6,0.40124169118047637,0.10092071578166184,0.771807893638372,0.19093420286106053,0.9493315226270066,0.9164653558072908,0.5778709641456926,0.2352752702918666,0.9805587610312144,0.7302762147344986,1.3288559202287789,0.5954671014305303,0.98,0.7582326779036455,25.778709641456928,3250.2621866446634,lhs_test,27,-1,-1
humpback,23481.028729128535,35.524238715157765,36.507594062679914,-2.1670381345927012,1,57.4,0.2415970342416932,0.8342221234647782,0.2861461230601713,0.30136685992407525,0.1406806654680814,0.26266146605050245,0.6141392657559502,0.5600083679410849,0.908718665408762,0.9502666370394335,0.9646095922951284,0.6506834299620377,0.6667471393887214,0.4313307330252512,26.141392657559503,4003.1234002346114,lhs_test,28,-1,-1
humpback,28246.231580961936,35.527437698226436,36.42053859607182,-2.421447171705097,1,56.6,0.8908207432121096,0.5358827246750356,0.5328713587353575,0.8567685866253117,0.17549733934765394,0.24480399942986966,0.5431087187907692,0.41708608163045424,1.2008693344454493,0.8607648174025107,1.149653519051518,0.9283842933126558,0.6845036430673035,0.4224019997149348,25.431087187907693,3671.772371652045,lhs_test,29,-1,-1
humpback,28032.27798766909,35.392830262381835,36.59849680551429,-2.3287812025287735,1,53.8,0.8653581029647169,0.020986142162498434,0.871638050307628,0.151432168225315,0.4886382302326532,0.3470850834307422,0.08037869388502263,0.50700947949742,1.1894111463341226,0.7062958426487495,1.403728537730721,0.5757160841126575,0.8442054974186531,0.4735425417153711,20.803786938850227,3880.2507772668187,lhs_test,30,-1,-1
humpback,30194.91442336202,35.63728800306569,36.78065651871731,-2.3307150921136213,1,42.7,0.18058579298620175,0.672073081732441,0.7113426525377669,0.8841446001673481,0.5297901085920069,0.6781357024640337,0.1667752696105492,0.393578290683599,0.8812636068437908,0.9016219245197323,1.283506989403325,0.942072300083674,0.8651929553819236,0.6390678512320168,21.66775269610549,3617.271909120856,lhs_test,31,-1,-1
