species,common_name,variant,parameter_group,parameter_level,description,T_water_C,mode,thermoneutral_C,cche_saturation_C,appendage_perfusion_max,h_scale,cche_max_delta,blubber_k_scale,body_condition_index,core_temp_C,T_min_C,T_max_C,Q_loss_W,maintenance_Mcal_day,TES,thermal_window_fraction,R_spec_m2K_W,FAmin_uncapped,alive,death_cause,energy_balance,delta_core_C,delta_TES,delta_Q_loss_W,delta_Q_loss_pct,delta_Mcal_day,delta_Mcal_day_pct
humpback,Humpback Whale,baseline,baseline,nominal,Nominal parameter set,-2.0,active,25.0,5.0,0.5,1.0,0.0,1.0,1.0,35.599141817672034,-2.357068189835502,36.48213351260307,25894.666423754083,534.7273372400462,-0.8966684302737565,0.4368156641673511,0.1834235015648326,6.7015182256092345,True,,"{""deep_body_C"": 36.04309001781644, ""interface_C"": 34.573099762712445, ""q_balance_resid_frac"": 4.2295948121069e-05, ""q_loss_W"": 25894.666423754086, ""q_loss_over_q_met"": 6.701518225609235, ""q_met_W"": 3864.0, ""q_met_direct_W"": 3864.0, ""q_perf_net_W"": 22029.571184286415, ""q_perf_over_q_met"": 5.701234778542033, ""skin_C"": 1.7664716243791077}",0.0,0.0,0.0,0.0,0.0,0.0
humpback,Humpback Whale,baseline,baseline,nominal,Nominal parameter set,10.0,active,25.0,5.0,0.5,1.0,0.0,1.0,1.0,35.754835175659935,9.763357256624772,36.46877433900568,17811.1625442063,367.8022093258663,-0.8951481511919889,0.4387552227948571,0.18342043664913654,4.609514115995419,True,,"{""deep_body_C"": 36.04946092167302, ""interface_C"": 35.06563444538739, ""q_balance_resid_frac"": 3.81274619797612e-05, ""q_loss_W"": 17811.162544206298, ""q_loss_over_q_met"": 4.6095141159954185, ""q_met_W"": 3864.0, ""q_met_direct_W"": 3864.0, ""q_perf_net_W"": 13946.483449783578, ""q_perf_over_q_met"": 3.609338366921216, ""skin_C"": 12.593078236596284}",0.0,0.0,0.0,0.0,0.0,0.0
humpback,Humpback Whale,baseline,baseline,nominal,Nominal parameter set,30.0,active,25.0,5.0,0.5,1.0,0.0,1.0,1.0,36.018853646741036,30.050122139743053,36.343042286872276,7660.649312236933,158.19314067334395,-0.3506227497995717,0.6236730184866921,0.10219700855745092,1.9825696977838854,True,,"{""deep_body_C"": 36.07250866251229, ""interface_C"": 35.88827671606953, ""q_balance_resid_frac"": 5.488446347482132e-07, ""q_loss_W"": 7660.649312236934, ""q_loss_over_q_met"": 1.9825696977838856, ""q_met_W"": 3864.0, ""q_met_direct_W"": 3864.0, ""q_perf_net_W"": 3796.64510773066, ""q_perf_over_q_met"": 0.9825686096611439, ""skin_C"": 31.20745469472928}",0.0,0.0,0.0,0.0,0.0,0.0
humpback,Humpback Whale,lambda_2p5,lambda,2.5 C,Fast CCHE saturation,-2.0,active,25.0,2.5,0.5,1.0,0.0,1.0,1.0,35.5991209900385,-2.357136707033362,36.482184318294514,25893.945412381516,534.7124482862722,-0.8966810766193403,0.4368040475618872,0.18342885112298332,6.701331628463125,True,,"{""deep_body_C"": 36.043090017824056, ""interface_C"": 34.57309921976258, ""q_balance_resid_frac"": 4.3088479145737136e-05, ""q_loss_W"": 25893.945412381516, ""q_loss_over_q_met"": 6.701331628463125, ""q_met_W"": 3864.0, ""q_met_direct_W"": 3864.0, ""q_perf_net_W"": 22028.829681654614, ""q_perf_over_q_met"": 5.701042878275003, ""skin_C"": 1.76633799248566}",-2.082763353428163e-05,-1.2646345583733343e-05,-0.7210113725668634,-0.002784401083867427,-0.014888953773947833,-0.0027844010838862323
humpback,Humpback Whale,lambda_2p5,lambda,2.5 C,Fast CCHE saturation,10.0,active,25.0,2.5,0.5,1.0,0.0,1.0,1.0,35.75303160421504,9.757575329986707,36.47435830279926,17751.339105443032,366.56684959614677,-0.8966772677392342,0.4373531127601789,0.18407740380630302,4.594031859586706,True,,"{""deep_body_C"": 36.04946092171855, ""interface_C"": 35.06559001418583, ""q_balance_resid_frac"": 4.085610725246261e-05, ""q_loss_W"": 17751.339105443032, ""q_loss_over_q_met"": 4.594031859586706, ""q_met_W"": 3864.0, ""q_met_direct_W"": 3864.0, ""q_perf_net_W"": 13886.613854828665, ""q_perf_over_q_met"": 3.5938441653283295, ""skin_C"": 12.581935588686974}",-0.0018035714448956242,-0.0015291165472453017,-59.82343876326922,-0.335876103622045,-1.2353597297195051,-0.3358761036220417
humpback,Humpback Whale,lambda_2p5,lambda,2.5 C,Fast CCHE saturation,30.0,active,25.0,2.5,0.5,1.0,0.0,1.0,1.0,36.01923268437065,30.050122113366,36.349986196570626,7959.034716701505,164.35482780186663,-0.2878725093166021,0.6314490482354242,0.0984733110528363,2.0597915933492508,True,,"{""deep_body_C"": 36.072489095359344, ""interface_C"": 35.8884064117986, ""q_balance_resid_frac"": 4.978690831557356e-07, ""q_loss_W"": 7959.034716701504, ""q_loss_over_q_met"": 2.0597915933492508, ""q_met_W"": 3864.0, ""q_met_direct_W"": 3864.0, ""q_perf_net_W"": 4095.030754144187, ""q_perf_over_q_met"": 1.0597905678426984, ""skin_C"": 31.256561016868375}",0.0003790376296137765,0.06275024048296962,298.3854044645723,3.895040646070807,6.161687128522686,3.895040646070788
humpback,Humpback Whale,lambda_10,lambda,10 C,Moderate CCHE saturation,-2.0,active,25.0,10.0,0.5,1.0,0.0,1.0,1.0,35.604285000053096,-2.3417353148847155,36.474303158350494,26053.428345469023,538.0057861014635,-0.8938935705813456,0.4393626737160087,0.18226867712493403,6.742605679469209,True,,"{""deep_body_C"": 36.04312874174593, ""interface_C"": 34.57321899187889, ""q_balance_resid_frac"": 3.7186352494103865e-05, ""q_loss_W"": 26053.428345469016, ""q_loss_over_q_met"": 6.742605679469207, ""q_met_W"": 3864.0, ""q_met_direct_W"": 3864.0, ""q_perf_net_W"": 22188.45951349888, ""q_perf_over_q_met"": 5.742354946557682, ""skin_C"": 1.7960172682238067}",0.005143182381061706,0.0027748596924109803,158.7619217149404,0.6131066495195417,3.2784488614173597,0.6131066495195141
humpback,Humpback Whale,lambda_10,lambda,10 C,Moderate CCHE saturation,10.0,active,25.0,10.0,0.5,1.0,0.0,1.0,1.0,35.78265873077197,9.89360817179147,36.38420442832427,18868.53733984102,389.63709994317975,-0.867278966430962,0.4619600231646026,0.17258852864733645,4.883161837432976,True,,"{""deep_body_C"": 36.04944561807383, ""interface_C"": 35.06641319405031, ""q_balance_resid_frac"": 1.1372488923106527e-05, ""q_loss_W"": 18868.53733984102, ""q_loss_over_q_met"": 4.883161837432976, ""q_met_W"": 3864.0, ""q_met_direct_W"": 3864.0, ""q_perf_net_W"": 15004.322757609127, ""q_perf_over_q_met"": 3.88310630372907, ""skin_C"": 12.788362049909665}",0.027823555112036047,0.027869184761026844,1057.3747956347179,5.936584953454741,21.834890617313476,5.936584953454738
humpback,Humpback Whale,lambda_10,lambda,10 C,Moderate CCHE saturation,30.0,active,25.0,10.0,0.5,1.0,0.0,1.0,1.0,36.01817393728567,30.050122522460015,36.326324182584926,7191.570268569903,148.50661357658691,-0.4434545228576214,0.6100379457440479,0.10857600882345864,1.861172429754116,True,,"{""deep_body_C"": 36.072568775592, ""interface_C"": 35.88806512674637, ""q_balance_resid_frac"": 5.633633138834759e-07, ""q_loss_W"": 7191.570268569903, ""q_loss_over_q_met"": 1.861172429754116, ""q_met_W"": 3864.0, ""q_met_direct_W"": 3864.0, ""q_perf_net_W"": 3327.566217103045, ""q_perf_over_q_met"": 0.8611713812378481, ""skin_C"": 31.129936681928655}",-0.0006797094553689931,-0.09283177305804968,-469.0790436670295,-6.123228261052678,-9.686527096757032,-6.123228261052689
humpback,Humpback Whale,lambda_15,lambda,15 C,Slow CCHE saturation,-2.0,active,25.0,15.0,0.5,1.0,0.0,1.0,1.0,35.62725823946937,-2.255189906111582,36.45422707918851,26823.486430427973,553.9075591751856,-0.8801920237446561,0.45125514121347293,0.17694366554814117,6.941896074127322,True,,"{""deep_body_C"": 36.04309001778046, ""interface_C"": 34.57379481798813, ""q_balance_resid_frac"": 1.9100438121250085e-05, ""q_loss_W"": 26823.486430427973, ""q_loss_over_q_met"": 6.941896074127322, ""q_met_W"": 3864.0, ""q_met_direct_W"": 3864.0, ""q_perf_net_W"": 22958.974090085212, ""q_perf_over_q_met"": 5.941763480870914, ""skin_C"": 1.9386510012133158}",0.028116421797335533,0.01647640652910043,928.82000667389,3.586916284126568,19.180221935139457,3.58691628412654
humpback,Humpback Whale,lambda_15,lambda,15 C,Slow CCHE saturation,10.0,active,25.0,15.0,0.5,1.0,0.0,1.0,1.0,35.81427986599732,10.165000836965362,36.47558550315233,20449.65557839576,422.28734272786653,-0.8227801185185508,0.49189331701225825,0.15979593750837265,5.292353928156253,True,,"{""deep_body_C"": 36.04941905643415, ""interface_C"": 35.067549282312086, ""q_balance_resid_frac"": 4.336665738878818e-06, ""q_loss_W"": 20449.65557839576, ""q_loss_over_q_met"": 5.292353928156253, ""q_met_W"": 3864.0, ""q_met_direct_W"": 3864.0, ""q_perf_net_W"": 16585.56689507504, ""q_perf_over_q_met"": 4.292330976986294, ""skin_C"": 13.074874593073503}",0.05944469033738642,0.07236803267343805,2638.493034189458,14.813704763183575,54.48513340200026,14.81370476318357
humpback,Humpback Whale,lambda_15,lambda,15 C,Slow CCHE saturation,30.0,active,25.0,15.0,0.5,1.0,0.0,1.0,1.0,36.01779323513824,30.05012230739868,36.31505306989345,6958.713923000171,143.69810777897106,-0.48703903064963255,0.6025353506346756,0.11200932511279345,1.8009094003623631,True,,"{""deep_body_C"": 36.07256877380826, ""interface_C"": 35.88795621868769, ""q_balance_resid_frac"": 6.431410502538184e-07, ""q_loss_W"": 6958.71392300017, ""q_loss_over_q_met"": 1.800909400362363, ""q_met_W"": 3864.0, ""q_met_direct_W"": 3864.0, ""q_perf_net_W"": 3094.7094475655895, ""q_perf_over_q_met"": 0.8009082421235998, ""skin_C"": 31.091274392369655}",-0.0010604116027934651,-0.13641628085006086,-701.9353892367617,-9.162870673579945,-14.495032894372883,-9.162870673579935
humpback,Humpback Whale,cche_low,CCHE effectiveness,max -0.10,Lower cold-water CCHE effectiveness,-2.0,active,25.0,5.0,0.5,1.0,-0.1,1.0,1.0,35.71255178424491,-1.687212708445884,36.78229149259306,30932.272315932052,638.7543805202031,-0.793946309738085,0.49760401095361684,0.15474898174121934,8.005246458574547,True,,"{""deep_body_C"": 36.04293273259111, ""interface_C"": 34.57732899965538, ""q_balance_resid_frac"": 3.7040715070102486e-06, ""q_loss_W"": 30932.272315932052, ""q_loss_over_q_met"": 8.005246458574547, ""q_met_W"": 3864.0, ""q_met_direct_W"": 3864.0, ""q_perf_net_W"": 27068.15774058352, ""q_perf_over_q_met"": 7.0052168065692335, ""skin_C"": 2.6566085885183384}",0.11340996657287405,0.10272212053567154,5037.6058921779695,19.454221999773658,104.02704328015693,19.454221999773658
humpback,Humpback Whale,cche_low,CCHE effectiveness,max -0.10,Lower cold-water CCHE effectiveness,10.0,active,25.0,5.0,0.5,1.0,-0.1,1.0,1.0,35.825543130360245,10.214287075184359,36.60152573042524,21236.225765366074,438.5300922867181,-0.7926779334513373,0.49860886034409196,0.15460921360938393,5.495917641140289,True,,"{""deep_body_C"": 36.0494456181151, ""interface_C"": 35.06847067011114, ""q_balance_resid_frac"": 3.550187067366795e-06, ""q_loss_W"": 21236.225765366074, ""q_loss_over_q_met"": 5.495917641140289, ""q_met_W"": 3864.0, ""q_met_direct_W"": 3864.0, ""q_perf_net_W"": 17372.150372792003, ""q_perf_over_q_met"": 4.495898129604556, ""skin_C"": 13.197851139063175}",0.07070795470031044,0.10247021774065157,3425.063221159773,19.22986898052813,70.72788296085184,19.229868980528114
humpback,Humpback Whale,cche_low,CCHE effectiveness,max -0.10,Lower cold-water CCHE effectiveness,30.0,active,25.0,5.0,0.5,1.0,-0.1,1.0,1.0,36.01891482503868,30.050122507565675,36.34495226852016,7716.859490849445,159.35388623551432,-0.33837772308804276,0.6248634985346866,0.10148314678693018,1.997116845457931,True,,"{""deep_body_C"": 36.07249058806099, ""interface_C"": 35.88830567591339, ""q_balance_resid_frac"": 5.026573663208082e-07, ""q_loss_W"": 7716.859490849446, ""q_loss_over_q_met"": 1.9971168454579311, ""q_met_W"": 3864.0, ""q_met_direct_W"": 3864.0, ""q_perf_net_W"": 3852.855611913178, ""q_perf_over_q_met"": 0.9971158415924374, ""skin_C"": 31.2164710727003}",6.117829764207272e-05,0.012245026711528939,56.21017861251221,0.7337521445176123,1.1607455621703764,0.733752144517582
humpback,Humpback Whale,cche_high,CCHE effectiveness,max +0.05,Higher cold-water CCHE effectiveness,-2.0,active,25.0,5.0,0.5,1.0,0.05,1.0,1.0,35.48106415648067,-2.4484779379218935,36.841551354555804,23002.81924662397,475.0104165650839,-0.9480294905415924,0.38914852858369736,0.2084114904266264,5.953110571072457,True,,"{""deep_body_C"": 36.04317564345183, ""interface_C"": 34.570480174711065, ""q_balance_resid_frac"": 0.0005095150381941318, ""q_loss_W"": 23002.81924662397, ""q_loss_over_q_met"": 5.953110571072457, ""q_met_W"": 3864.0, ""q_met_direct_W"": 3864.0, ""q_perf_net_W"": 19127.098964296954, ""q_perf_over_q_met"": 4.950077371712462, ""skin_C"": 1.2387772332455143}",-0.11807766119136431,-0.05136106026783582,-2891.847177130112,-11.167732882928044,-59.71692067496224,-11.167732882928057
humpback,Humpback Whale,cche_high,CCHE effectiveness,max +0.05,Higher cold-water CCHE effectiveness,10.0,active,25.0,5.0,0.5,1.0,0.05,1.0,1.0,35.68336839882784,9.690401534205193,36.82581339932642,15850.473415213888,327.31379136579346,-0.9463832600623148,0.39216186124490704,0.20888960077668786,4.102089393171296,True,,"{""deep_body_C"": 36.0494609234014, ""interface_C"": 35.06387903932165, ""q_balance_resid_frac"": 0.0004230112269046405, ""q_loss_W"": 15850.473415213886, ""q_loss_over_q_met"": 4.102089393171296, ""q_met_W"": 3864.0, ""q_met_direct_W"": 3864.0, ""q_perf_net_W"": 11979.768487007497, ""q_perf_over_q_met"": 3.1003541633042175, ""skin_C"": 12.235593047602435}",-0.07146677683209646,-0.051235108870325896,-1960.6891289924133,-11.008204119894438,-40.48841796007281,-11.008204119894447
humpback,Humpback Whale,cche_high,CCHE effectiveness,max +0.05,Higher cold-water CCHE effectiveness,30.0,active,25.0,5.0,0.5,1.0,0.05,1.0,1.0,36.018822570846,30.050122276352454,36.34201812032603,7632.356117362996,157.60888349430277,-0.3567452631553361,0.6230675735874808,0.1025592913440949,1.9752474423817277,True,,"{""deep_body_C"": 36.07250888307004, ""interface_C"": 35.88826211154952, ""q_balance_resid_frac"": 5.532320121528813e-07, ""q_loss_W"": 7632.356117362996, ""q_loss_over_q_met"": 1.9752474423817277, ""q_met_W"": 3864.0, ""q_met_direct_W"": 3864.0, ""q_perf_net_W"": 3768.3518948992637, ""q_perf_over_q_met"": 0.9752463496116107, ""skin_C"": 31.202911968166006}",-3.107589503770214e-05,-0.006122513355764414,-28.293194873936955,-0.3693315503784007,-0.5842571790411739,-0.3693315503784186
humpback,Humpback Whale,appendage_perf_0p3,appendage perfusion,0.3 kg m-3 s-1,Lower dilated appendage AVA perfusion,-2.0,active,25.0,5.0,0.3,1.0,0.0,1.0,1.0,35.56257482413952,-2.7076379789999123,36.46831787517743,22275.66401774134,459.99459157094924,-0.8966684302737565,0.399496947002347,0.21314674061339,5.7649234000365785,True,,"{""deep_body_C"": 36.04297495910191, ""interface_C"": 34.567621098085624, ""q_balance_resid_frac"": 6.393754458041549e-05, ""q_loss_W"": 22275.664017741336, ""q_loss_over_q_met"": 5.764923400036578, ""q_met_W"": 3864.0, ""q_met_direct_W"": 3864.0, ""q_perf_net_W"": 18410.239766480143, ""q_perf_over_q_met"": 4.764554804989685, ""skin_C"": 1.1458559153712713}",-0.036566993532517245,0.0,-3619.0024060127434,-13.975860305707226,-74.73274566909691,-13.975860305707242
humpback,Humpback Whale,appendage_perf_0p3,appendage perfusion,0.3 kg m-3 s-1,Lower dilated appendage AVA perfusion,10.0,active,25.0,5.0,0.3,1.0,0.0,1.0,1.0,35.7300297345015,9.518444951146762,36.45995063798091,15321.401211347747,316.3883997754411,-0.8951481511919889,0.40154887783465715,0.21315557847210148,3.965165944965773,True,,"{""deep_body_C"": 36.049460921672505, ""interface_C"": 35.06191577715771, ""q_balance_resid_frac"": 5.709524728386727e-05, ""q_loss_W"": 15321.401211347747, ""q_loss_over_q_met"": 3.965165944965773, ""q_met_W"": 3864.0, ""q_met_direct_W"": 3864.0, ""q_perf_net_W"": 11456.52643215685, ""q_perf_over_q_met"": 2.9649395528356237, ""skin_C"": 12.16579172616315}",-0.02480544115843486,0.0,-2489.761332858554,-13.978657073501557,-51.413809550425185,-13.97865707350155
humpback,Humpback Whale,appendage_perf_0p3,appendage perfusion,0.3 kg m-3 s-1,Lower dilated appendage AVA perfusion,30.0,active,25.0,5.0,0.3,1.0,0.0,1.0,1.0,36.014758593054125,30.050122093219784,36.251084342560034,6266.141558297825,129.39642223636045,-0.3506227497995717,0.59146006552087,0.12312927307273627,1.6216722459362902,True,,"{""deep_body_C"": 36.07246528091093, ""interface_C"": 35.887393784733945, ""q_balance_resid_frac"": 7.107560378688558e-07, ""q_loss_W"": 6266.141558297826, ""q_loss_over_q_met"": 1.6216722459362904, ""q_met_W"": 3864.0, ""q_met_direct_W"": 3864.0, ""q_perf_net_W"": 2402.1371045998794, ""q_perf_over_q_met"": 0.6216710933229501, ""skin_C"": 30.964485271606407}",-0.004095053686910433,0.0,-1394.5077539391077,-18.203519011261292,-28.796718436983497,-18.2035190112613
humpback,Humpback Whale,appendage_perf_0p8,appendage perfusion,0.8 kg m-3 s-1,Higher dilated appendage AVA perfusion,-2.0,active,25.0,5.0,0.8,1.0,0.0,1.0,1.0,35.64362851072502,-1.8388996333137584,37.04068538468567,30714.787134868184,634.2632907391518,-0.8966684302737565,0.4751577701490655,0.15688307103616703,7.94896147382717,True,,"{""deep_body_C"": 36.043244365250075, ""interface_C"": 34.57874972511257, ""q_balance_resid_frac"": 2.621996702777884e-05, ""q_loss_W"": 30714.78713486818, ""q_loss_over_q_met"": 7.948961473827168, ""q_met_W"": 3864.0, ""q_met_direct_W"": 3864.0, ""q_perf_net_W"": 26849.98179416224, ""q_perf_over_q_met"": 6.94875305231942, ""skin_C"": 2.575951686022904}",0.04448669305298836,0.0,4820.120711114101,18.614337918994917,99.53595349910563,18.6143379189949
humpback,Humpback Whale,appendage_perf_0p8,appendage perfusion,0.8 kg m-3 s-1,Higher dilated appendage AVA perfusion,10.0,active,25.0,5.0,0.8,1.0,0.0,1.0,1.0,35.784965772896896,10.125143145204845,36.788362952061846,21126.657214225255,436.26749123065537,-0.8951481511919889,0.47697552062802623,0.1565025965382441,5.467561390845045,True,,"{""deep_body_C"": 36.04946862030147, ""interface_C"": 35.069465181997316, ""q_balance_resid_frac"": 2.264331431066606e-05, ""q_loss_W"": 21126.657214225255, ""q_loss_over_q_met"": 5.467561390845045, ""q_met_W"": 3864.0, ""q_met_direct_W"": 3864.0, ""q_perf_net_W"": 17262.17883668562, ""q_perf_over_q_met"": 4.4674375871339596, ""skin_C"": 13.150306566530958}",0.030130597236961876,0.0,3315.494670018954,18.614701099886563,68.4652819047891,18.61470109988656
humpback,Humpback Whale,appendage_perf_0p8,appendage perfusion,0.8 kg m-3 s-1,Higher dilated appendage AVA perfusion,30.0,active,25.0,5.0,0.8,1.0,0.0,1.0,1.0,36.02308997923063,30.050122385131544,36.41806804072155,9327.16873356831,192.60692604691727,-0.3506227497995717,0.6510120723600303,0.0849299057481303,2.413863543884138,True,,"{""deep_body_C"": 36.0725201526966, ""interface_C"": 35.889102043801756, ""q_balance_resid_frac"": 4.1033192753027243e-07, ""q_loss_W"": 9327.16873356831, ""q_loss_over_q_met"": 2.413863543884138, ""q_met_W"": 3864.0, ""q_met_direct_W"": 3864.0, ""q_perf_net_W"": 5463.164906333184, ""q_perf_over_q_met"": 1.4138625533988571, ""skin_C"": 31.49090570133359}",0.0042363324895973165,0.0,1666.5194213313762,21.754284178879182,34.41378537357332,21.75428417887916
humpback,Humpback Whale,h_0p75,surface conductance,0.75x,All regional water-side h values scaled down,-2.0,active,25.0,5.0,0.5,0.75,0.0,1.0,1.0,35.617098976998136,-2.1381573296040983,36.48018157713847,24551.75504680266,506.9960889205903,-0.8966684302737565,0.44021268903147764,0.19344643423384258,6.353973873396134,True,,"{""deep_body_C"": 36.04365597804201, ""interface_C"": 34.63986888331294, ""q_balance_resid_frac"": 4.5819629330825547e-05, ""q_loss_W"": 24551.75504680266, ""q_loss_over_q_met"": 6.353973873396134, ""q_met_W"": 3864.0, ""q_met_direct_W"": 3864.0, ""q_perf_net_W"": 20686.630094486994, ""q_perf_over_q_met"": 5.3536827366684765, ""skin_C"": 2.7824244444514648}",0.017957159326101646,0.0,-1342.9113769514224,-5.186053973336852,-27.731248319455858,-5.18605397333687
humpback,Humpback Whale,h_0p75,surface conductance,0.75x,All regional water-side h values scaled down,10.0,active,25.0,5.0,0.5,0.75,0.0,1.0,1.0,35.7671475247048,9.918669250167113,36.467319827436256,16886.91401334082,348.7163888032138,-0.8951481511919889,0.4421491048661417,0.19344870733434963,4.370319361630647,True,,"{""deep_body_C"": 36.05009685099287, ""interface_C"": 35.11134946658319, ""q_balance_resid_frac"": 3.9792831749480645e-05, ""q_loss_W"": 16886.91401334082, ""q_loss_over_q_met"": 4.370319361630647, ""q_met_W"": 3864.0, ""q_met_direct_W"": 3864.0, ""q_perf_net_W"": 13022.242035212717, ""q_perf_over_q_met"": 3.3701454542475977, ""skin_C"": 13.292388079432158}",0.012312349044862003,0.0,-924.2485308654832,-5.189153310860818,-19.085820522652455,-5.189153310860826
humpback,Humpback Whale,h_0p75,surface conductance,0.75x,All regional water-side h values scaled down,30.0,active,25.0,5.0,0.5,0.75,0.0,1.0,1.0,36.02098082221221,30.138915409516528,36.31193763828327,7021.990575489468,145.00477670226817,-0.3506227497995717,0.6203213029753926,0.1109452251423894,1.8172853456235682,True,,"{""deep_body_C"": 36.07288994484918, ""interface_C"": 35.898845095615286, ""q_balance_resid_frac"": 5.424295591163466e-07, ""q_loss_W"": 7021.990575489468, ""q_loss_over_q_met"": 1.8172853456235682, ""q_met_W"": 3864.0, ""q_met_direct_W"": 3864.0, ""q_perf_net_W"": 3157.986766554216, ""q_perf_over_q_met"": 0.8172843598742795, ""skin_C"": 31.485159302876923}",0.0021271754711733593,0.0,-638.6587367474649,-8.336874731066034,-13.188363971075773,-8.336874731066045
humpback,Humpback Whale,h_1p25,surface conductance,1.25x,All regional water-side h values scaled up,-2.0,active,25.0,5.0,0.5,1.25,0.0,1.0,1.0,35.587427927969884,-2.438669329777156,36.48340239044461,26799.123665727468,553.4044657549839,-0.8966684302737565,0.43443419803499356,0.17723889254298028,6.935591010799034,True,,"{""deep_body_C"": 36.042652873768816, ""interface_C"": 34.52858786125768, ""q_balance_resid_frac"": 4.0965040038464485e-05, ""q_loss_W"": 26799.123665727468, ""q_loss_over_q_met"": 6.935591010799034, ""q_met_W"": 3864.0, ""q_met_direct_W"": 3864.0, ""q_perf_net_W"": 22934.025838553505, ""q_perf_over_q_met"": 5.935306894035587, ""skin_C"": 1.1146554051397288}",-0.011713889702150482,0.0,904.457241973385,3.4928321808528673,18.67712851493775,3.492832180852826
humpback,Humpback Whale,h_1p25,surface conductance,1.25x,All regional water-side h values scaled up,10.0,active,25.0,5.0,0.5,1.25,0.0,1.0,1.0,35.74679769441775,9.704566134821391,36.469698357237235,18433.626835368515,380.65615644738045,-0.8951481511919889,0.4363754226182104,0.17723290636233446,4.770607359049823,True,,"{""deep_body_C"": 36.049131029092905, ""interface_C"": 35.03515819311252, ""q_balance_resid_frac"": 3.639852077517475e-05, ""q_loss_W"": 18433.626835368512, ""q_loss_over_q_met"": 4.770607359049822, ""q_met_W"": 3864.0, ""q_met_direct_W"": 3864.0, ""q_perf_net_W"": 14568.955878619183, ""q_perf_over_q_met"": 3.7704337159987533, ""skin_C"": 12.144411615943454}",-0.00803748124218373,0.0,622.4642911622141,3.494798779233488,12.853947121514182,3.4947987792334905
humpback,Humpback Whale,h_1p25,surface conductance,1.25x,All regional water-side h values scaled up,30.0,active,25.0,5.0,0.5,1.25,0.0,1.0,1.0,36.0173787703996,30.000968137446705,36.366401453231504,8111.900919759366,167.51152950937123,-0.3506227497995717,0.6258047110900714,0.09686737748227546,2.0993532401033557,True,,"{""deep_body_C"": 36.072302159833725, ""interface_C"": 35.88122490658384, ""q_balance_resid_frac"": 5.071009428103967e-07, ""q_loss_W"": 8111.900919759368, ""q_loss_over_q_met"": 2.099353240103356, ""q_met_W"": 3864.0, ""q_met_direct_W"": 3864.0, ""q_perf_net_W"": 4247.896806206763, ""q_perf_over_q_met"": 1.0993521755193487, ""skin_C"": 31.019958030732425}",-0.0014748763414331734,0.0,451.251607522433,5.890513834142164,9.318388836027282,5.890513834142153
humpback,Humpback Whale,blubber_cond_0p83,blubber conductance,0.83x,Conductance-equivalent +20% blubber thickness,-2.0,active,25.0,5.0,0.5,1.0,0.0,0.8333333333333334,1.0,35.62385490823726,-2.3527093593502855,36.499107405800714,24951.3734803747,515.248247778292,-0.8966684302737565,0.44670851691439367,0.19044183713514945,6.4573947930576345,True,,"{""deep_body_C"": 36.0468388657269, ""interface_C"": 34.80814120464646, ""q_balance_resid_frac"": 4.57242685613937e-05, ""q_loss_W"": 24951.3734803747, ""q_loss_over_q_met"": 6.4573947930576345, ""q_met_W"": 3864.0, ""q_met_direct_W"": 3864.0, ""q_perf_net_W"": 21086.232597072707, ""q_perf_over_q_met"": 5.45709953340391, ""skin_C"": 1.6045458336277534}",0.024713090565228413,0.0,-943.2929433793834,-3.642807858355216,-19.479089461754143,-3.642807858355243
humpback,Humpback Whale,blubber_cond_0p83,blubber conductance,0.83x,Conductance-equivalent +20% blubber thickness,10.0,active,25.0,5.0,0.5,1.0,0.0,0.8333333333333334,1.0,35.77176713787014,9.76696136325279,36.48006627029372,17163.961459113445,354.43744504479,-0.8951481511919889,0.44865253348627143,0.19041786683058465,4.442019011157724,True,,"{""deep_body_C"": 36.05332173664806, ""interface_C"": 35.22685768957888, ""q_balance_resid_frac"": 4.1051773772205716e-05, ""q_loss_W"": 17163.96145911344, ""q_loss_over_q_met"": 4.442019011157723, ""q_met_W"": 3864.0, ""q_met_direct_W"": 3864.0, ""q_perf_net_W"": 13299.256848050587, ""q_perf_over_q_met"": 3.441836658398185, ""skin_C"": 12.48188088849082}",0.016931962210207985,0.0,-647.2010850928564,-3.633682436430187,-13.364764281076248,-3.6336824364302016
humpback,Humpback Whale,blubber_cond_0p83,blubber conductance,0.83x,Conductance-equivalent +20% blubber thickness,30.0,active,25.0,5.0,0.5,1.0,0.0,0.8333333333333334,1.0,36.02085566062408,30.01232787002857,36.38055271457961,7491.838740664578,154.70718623169682,-0.3506227497995717,0.6321412957489345,0.10511774576877471,1.9388816616626754,True,,"{""deep_body_C"": 36.073680149352356, ""interface_C"": 35.92616793258429, ""q_balance_resid_frac"": 5.850149132495004e-07, ""q_loss_W"": 7491.838740664578, ""q_loss_over_q_met"": 1.9388816616626754, ""q_met_W"": 3864.0, ""q_met_direct_W"": 3864.0, ""q_perf_net_W"": 3627.834357827187, ""q_perf_over_q_met"": 0.9388805273879883, ""skin_C"": 31.16991218513988}",0.002002013883043219,0.0,-168.810571572355,-2.2036065703033962,-3.4859544416471238,-2.2036065703034105
humpback,Humpback Whale,blubber_cond_1p25,blubber conductance,1.25x,Conductance-equivalent -20% blubber thickness,-2.0,active,25.0,5.0,0.5,1.0,0.0,1.25,1.0,35.56426918513972,-2.348904712764977,36.45730832969946,27180.9019216451,561.2882232385604,-0.8966684302737565,0.4245853472343434,0.17463093503869873,7.034394907258049,True,,"{""deep_body_C"": 36.03919487643816, ""interface_C"": 34.22844119728677, ""q_balance_resid_frac"": 3.883383560808653e-05, ""q_loss_W"": 27180.9019216451, ""q_loss_over_q_met"": 7.034394907258049, ""q_met_W"": 3864.0, ""q_met_direct_W"": 3864.0, ""q_perf_net_W"": 23315.846382968197, ""q_perf_over_q_met"": 6.034121734722619, ""skin_C"": 1.9832859395502282}",-0.034872632532312764,0.0,1286.235497891019,4.967183113473554,26.56088599851421,4.967183113473527
humpback,Humpback Whale,blubber_cond_1p25,blubber conductance,1.25x,Conductance-equivalent -20% blubber thickness,10.0,active,25.0,5.0,0.5,1.0,0.0,1.25,1.0,35.730938457145726,9.768205052734345,36.45224090125447,18693.696210736147,386.026613911951,-0.8951481511919889,0.42651531377589097,0.17465195328542357,4.837913098016601,True,,"{""deep_body_C"": 36.04490095855084, ""interface_C"": 34.829233492536105, ""q_balance_resid_frac"": 3.4588493831369936e-05, ""q_loss_W"": 18693.69621073615, ""q_loss_over_q_met"": 4.837913098016602, ""q_met_W"": 3864.0, ""q_met_direct_W"": 3864.0, ""q_perf_net_W"": 14829.04962394008, ""q_perf_over_q_met"": 3.8377457618892548, ""skin_C"": 12.74199034816661}",-0.023896718514208715,0.0,882.5336665298455,4.954947013365617,18.224404586084745,4.9549470133656115
humpback,Humpback Whale,blubber_cond_1p25,blubber conductance,1.25x,Conductance-equivalent -20% blubber thickness,30.0,active,25.0,5.0,0.5,1.0,0.0,1.25,1.0,36.01594637357033,30.107910566770897,36.28810267963132,7891.465940058512,162.95952610445877,-0.3506227497995717,0.6127555913075156,0.09834858073180225,2.0423048499116234,True,,"{""deep_body_C"": 36.069537468879446, ""interface_C"": 35.83273283568798, ""q_balance_resid_frac"": 4.7191227882800594e-07, ""q_loss_W"": 7891.465940058513, ""q_loss_over_q_met"": 2.0423048499116234, ""q_met_W"": 3864.0, ""q_met_direct_W"": 3864.0, ""q_perf_net_W"": 4027.4622159788382, ""q_perf_over_q_met"": 1.0423038861228877, ""skin_C"": 31.257288968799116}",-0.0029072731707060484,0.0,230.81662782157946,3.013016500479648,4.766385431114827,3.0130165004796434
humpback,Humpback Whale,bci_0p8,BCI conductance proxy,0.8,Mild body-condition depletion proxy,-2.0,active,25.0,5.0,0.5,1.0,0.0,1.0,0.8,35.5642692798171,-2.348904722770044,36.4573087775895,27180.902292915947,561.2882309053389,-0.8966684302737565,0.4245853509049361,0.17463093468719595,7.034395003342636,True,,"{""deep_body_C"": 36.03919487643657, ""interface_C"": 34.228441202965996, ""q_balance_resid_frac"": 3.8864934060381077e-05, ""q_loss_W"": 27180.902292915947, ""q_loss_over_q_met"": 7.034395003342636, ""q_met_W"": 3864.0, ""q_met_direct_W"": 3864.0, ""q_perf_net_W"": 23315.84590894063, ""q_perf_over_q_met"": 6.034121612044677, ""skin_C"": 1.983290796545134}",-0.03487253785493749,0.0,1286.2358691618647,4.967184547246979,26.560893665292724,4.967184547246962
humpback,Humpback Whale,bci_0p8,BCI conductance proxy,0.8,Mild body-condition depletion proxy,10.0,active,25.0,5.0,0.5,1.0,0.0,1.0,0.8,35.73093863361527,9.768205031934258,36.45224170924047,18693.69707122884,386.0266316812074,-0.8951481511919889,0.4265153354977922,0.1746519505807492,4.837913320711397,True,,"{""deep_body_C"": 36.04490095855084, ""interface_C"": 34.82923349659313, ""q_balance_resid_frac"": 3.468307731739911e-05, ""q_loss_W"": 18693.69707122884, ""q_loss_over_q_met"": 4.837913320711397, ""q_met_W"": 3864.0, ""q_met_direct_W"": 3864.0, ""q_perf_net_W"": 14829.048716287969, ""q_perf_over_q_met"": 3.83774552698964, ""skin_C"": 12.741997792599477}",-0.023896542044667513,0.0,882.5345270225371,4.9549518445645315,18.22442235534112,4.954951844564534
humpback,Humpback Whale,bci_0p8,BCI conductance proxy,0.8,Mild body-condition depletion proxy,30.0,active,25.0,5.0,0.5,1.0,0.0,1.0,0.8,36.015946373735574,30.107910644016613,36.28810267963149,7891.46589181544,162.95952510823471,-0.3506227497995717,0.6127555944909059,0.09834858133304147,2.042304837426356,True,,"{""deep_body_C"": 36.06953746889627, ""interface_C"": 35.83273284312429, ""q_balance_resid_frac"": 4.665880858792161e-07, ""q_loss_W"": 7891.46589181544, ""q_loss_over_q_met"": 2.042304837426356, ""q_met_W"": 3864.0, ""q_met_direct_W"": 3864.0, ""q_perf_net_W"": 4027.462209751475, ""q_perf_over_q_met"": 1.0423038845112513, ""skin_C"": 31.257288100004814}",-0.0029072730054622298,0.0,230.81657957850712,3.0130158707279078,4.766384434890767,3.013015870727901
humpback,Humpback Whale,bci_0p6,BCI conductance proxy,0.6,Severe body-condition depletion proxy,-2.0,active,25.0,5.0,0.5,1.0,0.0,1.0,0.6,35.51092994306077,-2.3073592680271418,36.446222643251986,29057.3986236519,600.038059532391,-0.8966684302737565,0.40902168224957475,0.16330636196512371,7.520030699702873,True,,"{""deep_body_C"": 36.03512823552455, ""interface_C"": 33.67772630817194, ""q_balance_resid_frac"": 3.355291278975713e-05, ""q_loss_W"": 29057.398623651898, ""q_loss_over_q_met"": 7.520030699702872, ""q_met_W"": 3864.0, ""q_met_direct_W"": 3864.0, ""q_perf_net_W"": 25192.42366328998, ""q_perf_over_q_met"": 6.519778380768629, ""skin_C"": 2.292379636942826}",-0.08821187461126101,0.0,3162.7321998978186,12.213836425390419,65.31072229234485,12.213836425390387
humpback,Humpback Whale,bci_0p6,BCI conductance proxy,0.6,Severe body-condition depletion proxy,10.0,active,25.0,5.0,0.5,1.0,0.0,1.0,0.6,35.694384901226385,9.79581434068075,36.4388767560917,19981.315564157278,412.61607665946195,-0.8951481511919889,0.4109329023972796,0.16331462589408766,5.171147920330559,True,,"{""deep_body_C"": 36.039475533115706, ""interface_C"": 34.451521975145, ""q_balance_resid_frac"": 2.9351594523228195e-05, ""q_loss_W"": 19981.315564157274, ""q_loss_over_q_met"": 5.171147920330557, ""q_met_W"": 3864.0, ""q_met_direct_W"": 3864.0, ""q_perf_net_W"": 16116.729080684794, ""q_perf_over_q_met"": 4.17099613889358, ""skin_C"": 12.954279924477305}",-0.06045027443354911,0.0,2170.153019950976,12.184230055532751,44.81386733359568,12.184230055532751
humpback,Humpback Whale,bci_0p6,BCI conductance proxy,0.6,Severe body-condition depletion proxy,30.0,active,25.0,5.0,0.5,1.0,0.0,1.0,0.6,36.01133322568654,30.199401684660643,36.240542285217316,8229.502081933762,169.94000475121345,-0.3506227497995717,0.5980589860092571,0.09359549154877739,2.1297883234818227,True,,"{""deep_body_C"": 36.06402296217942, ""interface_C"": 35.74401234887375, ""q_balance_resid_frac"": 5.062079764116443e-07, ""q_loss_W"": 8229.502081933762, ""q_loss_over_q_met"": 2.1297883234818227, ""q_met_W"": 3864.0, ""q_met_direct_W"": 3864.0, ""q_perf_net_W"": 4365.497916094167, ""q_perf_over_q_met"": 1.1297872453659852, ""skin_C"": 31.32753447784512}",-0.007520421054493909,0.0,568.8527696968295,7.425646919878686,11.746864077869503,7.425646919878675
humpback,Humpback Whale,ttn_15,thermoneutral anchor,15 C,Lower humpback thermoneutral-water anchor,-2.0,active,15.0,5.0,0.5,1.0,0.0,1.0,1.0,35.60041695354363,-2.353403152811495,36.48022884602943,25933.500050954535,535.5292553543194,-0.8959913498333757,0.43744182407544535,0.18313977260525563,6.711568336168358,True,,"{""deep_body_C"": 36.04309001782542, ""interface_C"": 34.573128930950304, ""q_balance_resid_frac"": 4.167701911974987e-05, ""q_loss_W"": 25933.500050954535, ""q_loss_over_q_met"": 6.711568336168358, ""q_met_W"": 3864.0, ""q_met_direct_W"": 3864.0, ""q_perf_net_W"": 22068.41921997707, ""q_perf_over_q_met"": 5.711288618006488, ""skin_C"": 1.773680970148348}",0.001275135871594557,0.0006770804403808395,38.83362720045261,0.14996766733719794,0.801918114273235,0.14996766733720282
humpback,Humpback Whale,ttn_15,thermoneutral anchor,15 C,Lower humpback thermoneutral-water anchor,10.0,active,15.0,5.0,0.5,1.0,0.0,1.0,1.0,35.81427986599732,10.165000836965362,36.47558550315233,20449.65557839576,422.28734272786653,-0.8227801185185508,0.49189331701225825,0.15979593750837265,5.292353928156253,True,,"{""deep_body_C"": 36.04941905643415, ""interface_C"": 35.067549282312086, ""q_balance_resid_frac"": 4.336665738878818e-06, ""q_loss_W"": 20449.65557839576, ""q_loss_over_q_met"": 5.292353928156253, ""q_met_W"": 3864.0, ""q_met_direct_W"": 3864.0, ""q_perf_net_W"": 16585.56689507504, ""q_perf_over_q_met"": 4.292330976986294, ""skin_C"": 13.074874593073503}",0.05944469033738642,0.07236803267343805,2638.493034189458,14.813704763183575,54.48513340200026,14.81370476318357
humpback,Humpback Whale,ttn_15,thermoneutral anchor,15 C,Lower humpback thermoneutral-water anchor,30.0,active,15.0,5.0,0.5,1.0,0.0,1.0,1.0,36.019286004661694,30.050122311767836,36.35079965279766,8003.540822874905,165.2738831492332,-0.2782547171261334,0.6325552326298651,0.09793826510278704,2.0713097367688675,True,,"{""deep_body_C"": 36.072472570656714, ""interface_C"": 35.88842548148466, ""q_balance_resid_frac"": 4.895432175694809e-07, ""q_loss_W"": 8003.540822874903, ""q_loss_over_q_met"": 2.071309736768867, ""q_met_W"": 3864.0, ""q_met_direct_W"": 3864.0, ""q_perf_net_W"": 4139.5369047957765, ""q_perf_over_q_met"": 1.071308722773234, ""skin_C"": 31.263874318696764}",0.0004323579206584327,0.07236803267343828,342.8915106379718,4.476011062015923,7.080742475889252,4.476011062015902
humpback,Humpback Whale,ttn_20,thermoneutral anchor,20 C,Intermediate humpback thermoneutral-water anchor,-2.0,active,20.0,5.0,0.5,1.0,0.0,1.0,1.0,35.599295724293825,-2.3566337017128376,36.48191172366637,25899.3050634049,534.8231255923,-0.8965876425914397,0.4368905745315676,0.18338959293233673,6.702718701709342,True,,"{""deep_body_C"": 36.04309001782053, ""interface_C"": 34.573103250559086, ""q_balance_resid_frac"": 4.251814123533017e-05, ""q_loss_W"": 25899.305063404903, ""q_loss_over_q_met"": 6.702718701709344, ""q_met_W"": 3864.0, ""q_met_direct_W"": 3864.0, ""q_perf_net_W"": 22034.20387309432, ""q_perf_over_q_met"": 5.702433714568923, ""skin_C"": 1.767335104865822}",0.00015390662179015635,8.078768231678524e-05,4.638639650816913,0.017913494520098265,0.09578835225386229,0.017913494520079423
humpback,Humpback Whale,ttn_20,thermoneutral anchor,20 C,Intermediate humpback thermoneutral-water anchor,10.0,active,20.0,5.0,0.5,1.0,0.0,1.0,1.0,35.76543038131359,9.8033708933458,36.43611683913235,18182.879824245963,375.4782066957101,-0.8855303590015203,0.447244044162741,0.17944904562144753,4.705714240229287,True,,"{""deep_body_C"": 36.04946092138715, ""interface_C"": 35.06590969857473, ""q_balance_resid_frac"": 2.382155040353606e-05, ""q_loss_W"": 18182.879824245963, ""q_loss_over_q_met"": 4.705714240229287, ""q_met_W"": 3864.0, ""q_met_direct_W"": 3864.0, ""q_perf_net_W"": 14318.446679857749, ""q_perf_over_q_met"": 3.7056021428203283, ""skin_C"": 12.662076436297639}",0.010595205653658013,0.009617792190468544,371.717280039662,2.0869905550358134,7.675997369843856,2.0869905550358068
humpback,Humpback Whale,ttn_20,thermoneutral anchor,20 C,Intermediate humpback thermoneutral-water anchor,30.0,active,20.0,5.0,0.5,1.0,0.0,1.0,1.0,36.01923268437065,30.050122113366,36.349986196570626,7959.034716701505,164.35482780186663,-0.2878725093166021,0.6314490482354242,0.0984733110528363,2.0597915933492508,True,,"{""deep_body_C"": 36.072489095359344, ""interface_C"": 35.8884064117986, ""q_balance_resid_frac"": 4.978690831557356e-07, ""q_loss_W"": 7959.034716701504, ""q_loss_over_q_met"": 2.0597915933492508, ""q_met_W"": 3864.0, ""q_met_direct_W"": 3864.0, ""q_perf_net_W"": 4095.030754144187, ""q_perf_over_q_met"": 1.0597905678426984, ""skin_C"": 31.256561016868375}",0.0003790376296137765,0.06275024048296962,298.3854044645723,3.895040646070807,6.161687128522686,3.895040646070788
